case,experiment,group,target_family,target_level,run,d,N_train,N_test,N_lip,formula_scalars,metric,formula_L_mode,L_used_cf,L_hat_train,cv_folds,cv_offset,cv_mse,cv_offsets,cv_scores,cv_fold_L_D,target_euclidean_L,train_mean_baseline_mse,family,method,target_scalar_ratio,width,mlp_depth,stored_scalars,scalar_ratio_to_formula,test_mse,train_mse,normalized_mse,lipschitz_bound,requested_nn_L,empirical_lipschitz,optimizer_updates,training_seconds
bumps_K64_d2,64 signed bumps,(Expected) Clear wins,bumps,8,13345,2,1000,2000,1000,3001,l2,fixed,1.0,0.9999989912116825,0,,,[],[],[],1.0,0.002051417339876301,formula,Formula,1.0,,,3001,1.0,0.0002110020237946454,0.0,0.10285670287225353,1.0,,0.9999527715334479,0,0.026800291998370085
bumps_K64_d2,64 signed bumps,(Expected) Clear wins,bumps,8,13345,2,1000,2000,1000,3001,l2,fixed,1.0,0.9999989912116825,0,,,[],[],[],1.0,0.002051417339876301,constant,Training-mean constant,,,,1,0.0003332222592469177,0.002051417339876301,0.00223712880827967,1.0,0.0,,0.0,0,0.0
bumps_K64_d2,64 signed bumps,(Expected) Clear wins,bumps,8,13345,2,1000,2000,1000,3001,l2,fixed,1.0,0.9999989912116825,0,,,[],[],[],1.0,0.002051417339876301,unconstrained,ReLU MLP,1.0,37.0,3.0,2961,0.9866711096301233,0.0012757468244060071,0.0010377595503007785,0.6218855615615172,24.203439132529915,,1.0489344054895415,1001,2.032964591999189
bumps_K64_d2,64 signed bumps,(Expected) Clear wins,bumps,8,13345,2,1000,2000,1000,3001,l2,fixed,1.0,0.9999989912116825,0,,,[],[],[],1.0,0.002051417339876301,spectral,Spectral MLP,1.0,37.0,3.0,2961,0.9866711096301233,0.001767502177701427,0.00174045753732891,0.861600486329128,0.9999990008830361,1.0,0.23025023559896668,1001,1.8968023389970767
bumps_K64_d2,64 signed bumps,(Expected) Clear wins,bumps,8,13345,2,1000,2000,1000,3001,l2,fixed,1.0,0.9999989912116825,0,,,[],[],[],1.0,0.002051417339876301,orthogonal,Orthogonal MLP,1.0,37.0,3.0,2961,0.9866711096301233,0.0016314294691983455,0.0015565343004182869,0.7952694156795611,0.9999990060395643,1.0,0.25882044461589687,1001,4.2832716970006
folds_T4_d2,Folding: 4 layers,(Expected) Clear wins,folds,4,12345,2,1000,2000,1000,3001,l2,fixed,1.0,0.9999999992965237,0,,,[],[],[],1.0,0.05408306850616954,formula,Formula,1.0,,,3001,1.0,0.00011249144386973352,0.0,0.002079975248758325,1.0,,0.9999623336359,0,0.02526342200144427
folds_T4_d2,Folding: 4 layers,(Expected) Clear wins,folds,4,12345,2,1000,2000,1000,3001,l2,fixed,1.0,0.9999999992965237,0,,,[],[],[],1.0,0.05408306850616954,constant,Training-mean constant,,,,1,0.0003332222592469177,0.05408306850616954,0.05560594031322702,1.0,0.0,,0.0,0,0.0
folds_T4_d2,Folding: 4 layers,(Expected) Clear wins,folds,4,12345,2,1000,2000,1000,3001,l2,fixed,1.0,0.9999999992965237,0,,,[],[],[],1.0,0.05408306850616954,unconstrained,ReLU MLP,1.0,37.0,3.0,2961,0.9866711096301233,0.000376799550190805,0.00032727092923894263,0.006967051992396132,20.711386903102586,,1.1647308654584874,1001,2.107066990000021
folds_T4_d2,Folding: 4 layers,(Expected) Clear wins,folds,4,12345,2,1000,2000,1000,3001,l2,fixed,1.0,0.9999999992965237,0,,,[],[],[],1.0,0.05408306850616954,spectral,Spectral MLP,1.0,37.0,3.0,2961,0.9866711096301233,0.009860899599052909,0.009774957688188856,0.18232877444681275,0.9999989878315664,1.0,0.5344898104969084,1001,1.7831576370008406
folds_T4_d2,Folding: 4 layers,(Expected) Clear wins,folds,4,12345,2,1000,2000,1000,3001,l2,fixed,1.0,0.9999999992965237,0,,,[],[],[],1.0,0.05408306850616954,orthogonal,Orthogonal MLP,1.0,37.0,3.0,2961,0.9866711096301233,0.00573176308100019,0.005662230088510905,0.1059807300014114,0.9999989728700179,1.0,0.6496845416077665,1001,4.49163958400095
folds_T4_d2,Folding: 4 layers,(Expected) Clear wins,folds,4,13345,2,1000,2000,1000,3001,l2,fixed,1.0,0.9999999999997671,0,,,[],[],[],1.0,0.07054607203318086,formula,Formula,1.0,,,3001,1.0,6.988574689052526e-05,0.0,0.0009906398028462161,1.0,,0.9999994057168511,0,0.026502833999984432
folds_T4_d2,Folding: 4 layers,(Expected) Clear wins,folds,4,13345,2,1000,2000,1000,3001,l2,fixed,1.0,0.9999999999997671,0,,,[],[],[],1.0,0.07054607203318086,constant,Training-mean constant,,,,1,0.0003332222592469177,0.07054607203318086,0.06924326234035161,1.0,0.0,,0.0,0,0.0
folds_T4_d2,Folding: 4 layers,(Expected) Clear wins,folds,4,13345,2,1000,2000,1000,3001,l2,fixed,1.0,0.9999999999997671,0,,,[],[],[],1.0,0.07054607203318086,unconstrained,ReLU MLP,1.0,37.0,3.0,2961,0.9866711096301233,0.0003062120925816093,0.00023957691081614464,0.004340597339531314,17.23849736600525,,1.2682920588117106,1001,2.081404887001554
folds_T4_d2,Folding: 4 layers,(Expected) Clear wins,folds,4,13345,2,1000,2000,1000,3001,l2,fixed,1.0,0.9999999999997671,0,,,[],[],[],1.0,0.07054607203318086,spectral,Spectral MLP,1.0,37.0,3.0,2961,0.9866711096301233,0.0087425435239143,0.008428593635880978,0.12392672294783902,0.9999988737785849,1.0,0.6455242192071152,1001,1.7778138350004156
folds_T4_d2,Folding: 4 layers,(Expected) Clear wins,folds,4,13345,2,1000,2000,1000,3001,l2,fixed,1.0,0.9999999999997671,0,,,[],[],[],1.0,0.07054607203318086,orthogonal,Orthogonal MLP,1.0,37.0,3.0,2961,0.9866711096301233,0.007391426316937667,0.007141340335727322,0.10477445595356691,0.999999021949941,1.0,0.6506915257465719,1001,4.513671058000909
bumps_K64_d2,64 signed bumps,(Expected) Clear wins,bumps,8,12345,2,1000,2000,1000,3001,l2,fixed,1.0,0.9999999718985241,0,,,[],[],[],1.0,0.0020731508848268404,formula,Formula,1.0,,,3001,1.0,0.00023604685826454546,0.0,0.1138589863343503,1.0,,0.9995436511461269,0,0.029946149999886984
bumps_K64_d2,64 signed bumps,(Expected) Clear wins,bumps,8,12345,2,1000,2000,1000,3001,l2,fixed,1.0,0.9999999718985241,0,,,[],[],[],1.0,0.0020731508848268404,constant,Training-mean constant,,,,1,0.0003332222592469177,0.0020731508848268404,0.002041776323314005,1.0,0.0,,0.0,0,0.0
bumps_K64_d2,64 signed bumps,(Expected) Clear wins,bumps,8,12345,2,1000,2000,1000,3001,l2,fixed,1.0,0.9999999718985241,0,,,[],[],[],1.0,0.0020731508848268404,unconstrained,ReLU MLP,1.0,37.0,3.0,2961,0.9866711096301233,0.0008196629151318813,0.0005577624594089483,0.39537060284946096,72.64832766313533,,1.0850970390840444,1001,2.1607960170003935
bumps_K64_d2,64 signed bumps,(Expected) Clear wins,bumps,8,12345,2,1000,2000,1000,3001,l2,fixed,1.0,0.9999999718985241,0,,,[],[],[],1.0,0.0020731508848268404,spectral,Spectral MLP,1.0,37.0,3.0,2961,0.9866711096301233,0.001667806488891158,0.0015817986645114352,0.8044790666697959,0.9999990100948346,1.0,0.2641450354234279,1001,1.853217976000451
bumps_K64_d2,64 signed bumps,(Expected) Clear wins,bumps,8,12345,2,1000,2000,1000,3001,l2,fixed,1.0,0.9999999718985241,0,,,[],[],[],1.0,0.0020731508848268404,orthogonal,Orthogonal MLP,1.0,37.0,3.0,2961,0.9866711096301233,0.0016549438936369427,0.0016118489307478578,0.79827469662208,0.9999990144797504,1.0,0.15586707229157978,1001,4.689066717000969
folds_T1_d100,Folding: 1 layer,(Expected) Clear near ties [85%-115%],folds,1,13345,100,1000,2000,1000,101001,l2,fixed,1.0,0.2859981495839337,0,,,[],[],[],1.0,0.12266820399791915,formula,Formula,1.0,,,101001,1.0,0.13543687442196303,0.0,1.104091117403663,1.0,,0.15310603955175126,0,0.1296808080005576
folds_T1_d100,Folding: 1 layer,(Expected) Clear near ties [85%-115%],folds,1,13345,100,1000,2000,1000,101001,l2,fixed,1.0,0.2859981495839337,0,,,[],[],[],1.0,0.12266820399791915,constant,Training-mean constant,,,,1,9.900892070375541e-06,0.12266820399791915,0.1223979197964749,1.0,0.0,,0.0,0,0.0
folds_T1_d100,Folding: 1 layer,(Expected) Clear near ties [85%-115%],folds,1,13345,100,1000,2000,1000,101001,l2,fixed,1.0,0.2859981495839337,0,,,[],[],[],1.0,0.12266820399791915,unconstrained,ReLU MLP,1.0,200.0,3.0,100801,0.9980198215859248,0.14794244824798503,3.20806672485714e-15,1.206037452464003,6.158455281141579,,0.16932945541318514,1001,8.825848755997868
folds_T1_d100,Folding: 1 layer,(Expected) Clear near ties [85%-115%],folds,1,13345,100,1000,2000,1000,101001,l2,fixed,1.0,0.2859981495839337,0,,,[],[],[],1.0,0.12266820399791915,spectral,Spectral MLP,1.0,200.0,3.0,100801,0.9980198215859248,0.12732537481239567,3.394164722019612e-11,1.037965590615116,0.9999990045226803,1.0,0.1367334076055935,1001,10.79520106599739
folds_T1_d100,Folding: 1 layer,(Expected) Clear near ties [85%-115%],folds,1,13345,100,1000,2000,1000,101001,l2,fixed,1.0,0.2859981495839337,0,,,[],[],[],1.0,0.12266820399791915,orthogonal,Orthogonal MLP,1.0,200.0,3.0,100801,0.9980198215859248,0.1292925774106203,1.352764850939754e-12,1.0540023673356587,0.9999990060453823,1.0,0.10598648121647404,1001,42.989700293997885
folds_T1_d100,Folding: 1 layer,(Expected) Clear near ties [85%-115%],folds,1,12345,100,1000,2000,1000,101001,l2,fixed,1.0,0.2670094838876419,0,,,[],[],[],1.0,0.11742420968801699,formula,Formula,1.0,,,101001,1.0,0.12762227039186577,0.0,1.0868480250447832,1.0,,0.13342509120855245,0,0.13585362500089104
folds_T1_d100,Folding: 1 layer,(Expected) Clear near ties [85%-115%],folds,1,12345,100,1000,2000,1000,101001,l2,fixed,1.0,0.2670094838876419,0,,,[],[],[],1.0,0.11742420968801699,constant,Training-mean constant,,,,1,9.900892070375541e-06,0.11742420968801699,0.11779019713240221,1.0,0.0,,0.0,0,0.0
folds_T1_d100,Folding: 1 layer,(Expected) Clear near ties [85%-115%],folds,1,12345,100,1000,2000,1000,101001,l2,fixed,1.0,0.2670094838876419,0,,,[],[],[],1.0,0.11742420968801699,unconstrained,ReLU MLP,1.0,200.0,3.0,100801,0.9980198215859248,0.13281078097957344,1.7278353984100648e-12,1.1310340630133842,6.396867324592928,,0.14796880440822166,1001,8.750369839002815
folds_T1_d100,Folding: 1 layer,(Expected) Clear near ties [85%-115%],folds,1,12345,100,1000,2000,1000,101001,l2,fixed,1.0,0.2670094838876419,0,,,[],[],[],1.0,0.11742420968801699,spectral,Spectral MLP,1.0,200.0,3.0,100801,0.9980198215859248,0.11948321681124847,6.17685031201615e-08,1.0175347752282262,0.9999990030673864,1.0,0.12849756859264191,1001,10.45684581399837
folds_T1_d100,Folding: 1 layer,(Expected) Clear near ties [85%-115%],folds,1,12345,100,1000,2000,1000,101001,l2,fixed,1.0,0.2670094838876419,0,,,[],[],[],1.0,0.11742420968801699,orthogonal,Orthogonal MLP,1.0,200.0,3.0,100801,0.9980198215859248,0.12282872405600943,1.0654861442336312e-12,1.0460255545457928,0.9999990121696211,1.0,0.10714779460697473,1001,44.654604569001094
folds_T4_d100,Folding: 4 layers,(Expected) Clear near ties [85%-115%],folds,4,13345,100,1000,2000,1000,101001,l2,fixed,1.0,0.1567593485462163,0,,,[],[],[],1.0,0.04031871939121392,formula,Formula,1.0,,,101001,1.0,0.05104382834462617,0.0,1.2660081747474703,1.0,,0.11624251373190672,0,0.13458591199741932
folds_T4_d100,Folding: 4 layers,(Expected) Clear near ties [85%-115%],folds,4,13345,100,1000,2000,1000,101001,l2,fixed,1.0,0.1567593485462163,0,,,[],[],[],1.0,0.04031871939121392,constant,Training-mean constant,,,,1,9.900892070375541e-06,0.04031871939121392,0.038302115026506295,1.0,0.0,,0.0,0,0.0
folds_T4_d100,Folding: 4 layers,(Expected) Clear near ties [85%-115%],folds,4,13345,100,1000,2000,1000,101001,l2,fixed,1.0,0.1567593485462163,0,,,[],[],[],1.0,0.04031871939121392,unconstrained,ReLU MLP,1.0,200.0,3.0,100801,0.9980198215859248,0.04835675210865243,1.4126614081587652e-15,1.1993623021466828,3.576778205875539,,0.08737004844752512,1001,9.066165430998808
folds_T4_d100,Folding: 4 layers,(Expected) Clear near ties [85%-115%],folds,4,13345,100,1000,2000,1000,101001,l2,fixed,1.0,0.1567593485462163,0,,,[],[],[],1.0,0.04031871939121392,spectral,Spectral MLP,1.0,200.0,3.0,100801,0.9980198215859248,0.04736577394316174,1.914127832157781e-05,1.1747836900167887,0.9999989749873114,1.0,0.09496236479143315,1001,10.196882782998728
folds_T4_d100,Folding: 4 layers,(Expected) Clear near ties [85%-115%],folds,4,13345,100,1000,2000,1000,101001,l2,fixed,1.0,0.1567593485462163,0,,,[],[],[],1.0,0.04031871939121392,orthogonal,Orthogonal MLP,1.0,200.0,3.0,100801,0.9980198215859248,0.04582512948292795,1.9886210382761404e-12,1.1365720482906498,0.9999989664818753,1.0,0.07261563276521012,1001,43.30799330700029
affine_l1_d100,"Affine, ||w||_1=1",(Expected) Clear losses,affine,1,13345,100,1000,2000,1000,101001,l2,fixed,1.0,0.05940323195788326,0,,,[],[],[],0.12287360164708781,0.0052476818811577515,formula,Formula,1.0,,,101001,1.0,0.005768755211396591,0.0,1.0992959066573371,1.0,,0.04579791298341286,0,0.16796122300002025
affine_l1_d100,"Affine, ||w||_1=1",(Expected) Clear losses,affine,1,13345,100,1000,2000,1000,101001,l2,fixed,1.0,0.05940323195788326,0,,,[],[],[],0.12287360164708781,0.0052476818811577515,constant,Training-mean constant,,,,1,9.900892070375541e-06,0.0052476818811577515,0.00524596051182241,1.0,0.0,,0.0,0,0.0
affine_l1_d100,"Affine, ||w||_1=1",(Expected) Clear losses,affine,1,13345,100,1000,2000,1000,101001,l2,fixed,1.0,0.05940323195788326,0,,,[],[],[],0.12287360164708781,0.0052476818811577515,unconstrained,ReLU MLP,1.0,200.0,3.0,100801,0.9980198215859248,0.00027535984962508316,1.5952295727980174e-16,0.05247266428511723,2.1469186063991366,,0.050902646856584674,1001,8.666739418000361
affine_l1_d100,"Affine, ||w||_1=1",(Expected) Clear losses,affine,1,13345,100,1000,2000,1000,101001,l2,fixed,1.0,0.05940323195788326,0,,,[],[],[],0.12287360164708781,0.0052476818811577515,spectral,Spectral MLP,1.0,200.0,3.0,100801,0.9980198215859248,0.00014984713696944657,2.001803837892403e-14,0.028554920127206163,0.9999989896145833,1.0,0.04789218166771687,1001,9.758642470002087
affine_l1_d100,"Affine, ||w||_1=1",(Expected) Clear losses,affine,1,13345,100,1000,2000,1000,101001,l2,fixed,1.0,0.05940323195788326,0,,,[],[],[],0.12287360164708781,0.0052476818811577515,orthogonal,Orthogonal MLP,1.0,200.0,3.0,100801,0.9980198215859248,0.002868855813773889,1.1771238032341965e-13,0.5466901155107667,0.9999990164969694,1.0,0.052837953670577066,1001,44.306668624998565
folds_T4_d100,Folding: 4 layers,(Expected) Clear near ties [85%-115%],folds,4,12345,100,1000,2000,1000,101001,l2,fixed,1.0,0.20279159364356938,0,,,[],[],[],1.0,0.044107716417335324,formula,Formula,1.0,,,101001,1.0,0.055446700487729955,0.0,1.2570748384048773,1.0,,0.11108550683212555,0,0.162108951000846
folds_T4_d100,Folding: 4 layers,(Expected) Clear near ties [85%-115%],folds,4,12345,100,1000,2000,1000,101001,l2,fixed,1.0,0.20279159364356938,0,,,[],[],[],1.0,0.044107716417335324,constant,Training-mean constant,,,,1,9.900892070375541e-06,0.044107716417335324,0.04301322858716556,1.0,0.0,,0.0,0,0.0
folds_T4_d100,Folding: 4 layers,(Expected) Clear near ties [85%-115%],folds,4,12345,100,1000,2000,1000,101001,l2,fixed,1.0,0.20279159364356938,0,,,[],[],[],1.0,0.044107716417335324,unconstrained,ReLU MLP,1.0,200.0,3.0,100801,0.9980198215859248,0.05206805090904174,1.1548890778058568e-15,1.1804748723871323,4.220111250557626,,0.1068139794191047,1001,9.843445176000387
folds_T4_d100,Folding: 4 layers,(Expected) Clear near ties [85%-115%],folds,4,12345,100,1000,2000,1000,101001,l2,fixed,1.0,0.20279159364356938,0,,,[],[],[],1.0,0.044107716417335324,spectral,Spectral MLP,1.0,200.0,3.0,100801,0.9980198215859248,0.05098905623042238,4.893427133690328e-06,1.1560121532472385,0.9999990154324194,1.0,0.0918352736614746,1001,10.154530093001085
folds_T4_d100,Folding: 4 layers,(Expected) Clear near ties [85%-115%],folds,4,12345,100,1000,2000,1000,101001,l2,fixed,1.0,0.20279159364356938,0,,,[],[],[],1.0,0.044107716417335324,orthogonal,Orthogonal MLP,1.0,200.0,3.0,100801,0.9980198215859248,0.04980304853990968,9.265353388469004e-13,1.1291232597191534,0.9999989847070991,1.0,0.08608939985729931,1001,43.28775500700067
affine_l1_d100,"Affine, ||w||_1=1",(Expected) Clear losses,affine,1,12345,100,1000,2000,1000,101001,l2,fixed,1.0,0.05338145081451498,0,,,[],[],[],0.12397248170334584,0.00527274127024296,formula,Formula,1.0,,,101001,1.0,0.005574784081352551,0.0,1.0572838293458828,1.0,,0.045361712449545954,0,0.17478574000051594
affine_l1_d100,"Affine, ||w||_1=1",(Expected) Clear losses,affine,1,12345,100,1000,2000,1000,101001,l2,fixed,1.0,0.05338145081451498,0,,,[],[],[],0.12397248170334584,0.00527274127024296,constant,Training-mean constant,,,,1,9.900892070375541e-06,0.00527274127024296,0.004948985192461228,1.0,0.0,,0.0,0,0.0
affine_l1_d100,"Affine, ||w||_1=1",(Expected) Clear losses,affine,1,12345,100,1000,2000,1000,101001,l2,fixed,1.0,0.05338145081451498,0,,,[],[],[],0.12397248170334584,0.00527274127024296,unconstrained,ReLU MLP,1.0,200.0,3.0,100801,0.9980198215859248,0.0002972552415822599,2.1500652660253967e-16,0.05637584443216248,2.103102755614379,,0.05085936943242461,1001,9.409163233998697
affine_l1_d100,"Affine, ||w||_1=1",(Expected) Clear losses,affine,1,12345,100,1000,2000,1000,101001,l2,fixed,1.0,0.05338145081451498,0,,,[],[],[],0.12397248170334584,0.00527274127024296,spectral,Spectral MLP,1.0,200.0,3.0,100801,0.9980198215859248,0.00018029987860161272,1.906266709144645e-14,0.03419471378562536,0.999998975141205,1.0,0.04831892761731456,1001,10.227006949000497
affine_l1_d100,"Affine, ||w||_1=1",(Expected) Clear losses,affine,1,12345,100,1000,2000,1000,101001,l2,fixed,1.0,0.05338145081451498,0,,,[],[],[],0.12397248170334584,0.00527274127024296,orthogonal,Orthogonal MLP,1.0,200.0,3.0,100801,0.9980198215859248,0.0027650205669616634,2.1191917918566453e-13,0.524399060231957,0.999999024282877,1.0,0.04135753123168542,1001,43.77923494700008
tanh_ridge_d100,Tanh ridge,(Expected) Clear losses,tanh_ridge,1,12345,100,1000,2000,1000,101001,l2,fixed,1.0,0.24436125998248612,0,,,[],[],[],1.0,0.20229051495258688,formula,Formula,1.0,,,101001,1.0,0.16360516140595072,0.0,0.8087633839100005,1.0,,0.14972358422493512,0,0.13122217999989516
tanh_ridge_d100,Tanh ridge,(Expected) Clear losses,tanh_ridge,1,12345,100,1000,2000,1000,101001,l2,fixed,1.0,0.24436125998248612,0,,,[],[],[],1.0,0.20229051495258688,constant,Training-mean constant,,,,1,9.900892070375541e-06,0.20229051495258688,0.19519559745840534,1.0,0.0,,0.0,0,0.0
tanh_ridge_d100,Tanh ridge,(Expected) Clear losses,tanh_ridge,1,12345,100,1000,2000,1000,101001,l2,fixed,1.0,0.24436125998248612,0,,,[],[],[],1.0,0.20229051495258688,unconstrained,ReLU MLP,1.0,200.0,3.0,100801,0.9980198215859248,0.009762721676630049,8.460675530183885e-16,0.048260896853805774,3.9645913335337837,,0.2716314559026249,1001,8.45757873399998
tanh_ridge_d100,Tanh ridge,(Expected) Clear losses,tanh_ridge,1,12345,100,1000,2000,1000,101001,l2,fixed,1.0,0.24436125998248612,0,,,[],[],[],1.0,0.20229051495258688,spectral,Spectral MLP,1.0,200.0,3.0,100801,0.9980198215859248,0.011466414913783978,2.050131864774506e-10,0.05668290931224083,0.9999990128120504,1.0,0.24980753186258461,1001,9.023719794000499
tanh_ridge_d100,Tanh ridge,(Expected) Clear losses,tanh_ridge,1,12345,100,1000,2000,1000,101001,l2,fixed,1.0,0.24436125998248612,0,,,[],[],[],1.0,0.20229051495258688,orthogonal,Orthogonal MLP,1.0,200.0,3.0,100801,0.9980198215859248,0.07300171716223433,0.00502450336067276,0.3608756306707933,0.9999990026844797,1.0,0.19357180572783964,1001,41.910253621001175
