case,experiment,group,d,family,method,width,mlp_depth,target_scalar_ratio,stored_scalars,formula_scalars,scalar_ratio_to_formula,formula_L_mode,optimizer_updates,completed_runs,test_mse_mean,test_mse_std,train_mse_mean,train_mse_std,empirical_lipschitz_mean,empirical_lipschitz_std,L_used_cf_mean,L_used_cf_std,L_hat_train_mean,L_hat_train_std,target_euclidean_L_mean,target_euclidean_L_std,lipschitz_bound_mean,lipschitz_bound_std,normalized_mse_mean,normalized_mse_std,training_seconds_mean,training_seconds_std,mse_percent_of_formula,mse_percent_of_constant,observed_comparison
bumps_K64_d2,64 signed bumps,(Expected) Clear wins,2,formula,Formula,,,1.0,3001,3001,1.0,fixed,0,2,0.00022352444102959545,1.770937228736092e-05,0.0,0.0,0.9997482113397873,0.00028929180019634143,1.0,0.0,0.9999994815551032,6.934503159319639e-07,1.0,0.0,1.0,0.0,0.10835784460330192,0.007779789244585238,0.028373220999128534,0.0022244575255225595,100.0,10.838683171287983,Reference
bumps_K64_d2,64 signed bumps,(Expected) Clear wins,2,unconstrained,ReLU MLP,37.0,3.0,1.0,2961,3001,0.9866711096301233,fixed,1001,2,0.0010477048697689441,0.0003225000250378045,0.0007977610048548634,0.0003394091979194288,1.067015722286793,0.02557084344023745,1.0,0.0,0.9999994815551032,6.934503159319639e-07,1.0,0.0,48.42588339783262,34.255709193817495,0.508628082205489,0.16017026334548579,2.0968803044997912,0.09039046746709126,468.72049648934103,50.80312957336768,Formula win
bumps_K64_d2,64 signed bumps,(Expected) Clear wins,2,spectral,Spectral MLP,37.0,3.0,1.0,2961,3001,0.9866711096301233,fixed,1001,2,0.0017176543332962924,7.049549761280496e-05,0.0016611281009201726,0.00011218876486465047,0.24719763551119728,0.023967242802837112,1.0,0.0,0.9999994815551032,6.934503159319639e-07,1.0,0.0,0.9999990054889354,6.513725218930092e-09,0.8330397764994619,0.040390943192116335,1.8750101574987639,0.03081879862861008,768.4413952158676,83.28892818447281,Formula win
bumps_K64_d2,64 signed bumps,(Expected) Clear wins,2,orthogonal,Orthogonal MLP,37.0,3.0,1.0,2961,3001,0.9866711096301233,fixed,1001,2,0.0016431866814176441,1.6627208976230758e-05,0.0015841916155830723,3.911335020486671e-05,0.2073437584537383,0.07279902771654805,1.0,0.0,0.9999994815551032,6.934503159319639e-07,1.0,0.0,0.9999990102596573,5.9681128297277426e-09,0.7967720561508205,0.0021250545338257704,4.486169207000785,0.2869404104139915,735.1261785283159,79.67799739988102,Formula win
bumps_K64_d2,64 signed bumps,(Expected) Clear wins,2,constant,Training-mean constant,,,,1,3001,0.0003332222592469177,fixed,0,2,0.002062284112351571,1.5367937013749103e-05,0.0021394525657968374,0.00013813506684086482,0.0,0.0,1.0,0.0,0.9999994815551032,6.934503159319639e-07,1.0,0.0,0.0,0.0,1.0,0.0,0.0,0.0,922.6213038951373,100.0,Reference
folds_T4_d2,Folding: 4 layers,(Expected) Clear wins,2,formula,Formula,,,1.0,3001,3001,1.0,fixed,0,2,9.118859538012939e-05,3.0126777251177366e-05,0.0,0.0,0.9999808696763756,2.621391983318446e-05,1.0,0.0,0.9999999996481455,4.972681433347601e-10,1.0,0.0,1.0,0.0,0.0015353075258022707,0.0007702764807913238,0.02588312800071435,0.0008763966288517206,100.00000000000001,0.14633591307056718,Reference
folds_T4_d2,Folding: 4 layers,(Expected) Clear wins,2,unconstrained,ReLU MLP,37.0,3.0,1.0,2961,3001,0.9866711096301233,fixed,1001,2,0.0003415058213862072,4.991286994218024e-05,0.0002834239200275436,6.200903509625848e-05,1.216511462135099,0.07322882208783535,1.0,0.0,0.9999999996481455,4.972681433347601e-10,1.0,0.0,18.97494213455392,2.455703741993335,0.005653824665963723,0.0018571838955196726,2.0942359385007876,0.018145847049723763,374.5049695771754,0.5480352667254095,Formula win
folds_T4_d2,Folding: 4 layers,(Expected) Clear wins,2,spectral,Spectral MLP,37.0,3.0,1.0,2961,3001,0.9866711096301233,fixed,1001,2,0.009301721561483605,0.0007907971645116831,0.009101775662034916,0.0009520231513326999,0.5900070148520118,0.07851318334402593,1.0,0.0,0.9999999996481455,4.972681433347601e-10,1.0,0.0,0.9999989308050756,8.064763663572263e-08,0.15312774869732587,0.0412964866501303,1.780485736000628,0.003778638631818796,10200.531681301138,14.927041173884497,Formula win
folds_T4_d2,Folding: 4 layers,(Expected) Clear wins,2,orthogonal,Orthogonal MLP,37.0,3.0,1.0,2961,3001,0.9866711096301233,fixed,1001,2,0.006561594698968928,0.0011735591286173986,0.006401785212119114,0.0010458888859292393,0.6501880336771692,0.000712045313096594,1.0,0.0,0.9999999996481455,4.972681433347601e-10,1.0,0.0,0.9999989974099794,3.470474638374911e-08,0.10537759297748915,0.0008529645592001816,4.50265532100093,0.015578604664906414,7195.630847932487,10.529792102509399,Formula win
folds_T4_d2,Folding: 4 layers,(Expected) Clear wins,2,constant,Training-mean constant,,,,1,3001,0.0003332222592469177,fixed,0,2,0.0623145702696752,0.011641101432647754,0.062424601326789314,0.009643042882604471,0.0,0.0,1.0,0.0,0.9999999996481455,4.972681433347601e-10,1.0,0.0,0.0,0.0,1.0,0.0,0.0,0.0,68335.92513396029,100.0,Reference
folds_T1_d100,Folding: 1 layer,(Expected) Clear near ties [85%-115%],100,formula,Formula,,,1.0,101001,101001,1.0,fixed,0,2,0.1315295724069144,0.005525759501969496,0.0,0.0,0.14326556538015184,0.013916532033658023,1.0,0.0,0.27650381673578783,0.01342701427953232,1.0,0.0,1.0,0.0,1.095469571224223,0.01219270753558983,0.13276721650072432,0.004364840759959387,100.0,109.56578792944926,Reference
folds_T1_d100,Folding: 1 layer,(Expected) Clear near ties [85%-115%],100,unconstrained,ReLU MLP,200.0,3.0,1.0,100801,101001,0.9980198215859248,fixed,1001,2,0.14037661461377923,0.010699704536152354,8.655217325674609e-13,1.2194956812542713e-12,0.1586491299107034,0.01510426117616892,1.0,0.0,0.27650381673578783,0.01342701427953232,1.0,0.0,6.277661302867253,0.16858277264099042,1.1685357577386934,0.053035405292508116,8.788109297500341,0.05337165404381832,106.7262761103599,116.9354853480754,Near tie
folds_T1_d100,Folding: 1 layer,(Expected) Clear near ties [85%-115%],100,spectral,Spectral MLP,200.0,3.0,1.0,100801,101001,0.9980198215859248,fixed,1001,2,0.12340429581182208,0.005545243101747523,3.090122238369085e-08,4.3652927051094576e-08,0.13261548809911772,0.005823617614818783,1.0,0.0,0.27650381673578783,0.01342701427953232,1.0,0.0,0.9999990037950334,1.0290481749853441e-09,1.027750182921671,0.014446768105240187,10.62602343999788,0.23925329313858945,93.822471672032,102.79733034234619,Near tie
folds_T1_d100,Folding: 1 layer,(Expected) Clear near ties [85%-115%],100,orthogonal,Orthogonal MLP,200.0,3.0,1.0,100801,101001,0.9980198215859248,fixed,1001,2,0.12606065073331488,0.004570634539640762,1.2091254975866926e-12,2.031367216024008e-13,0.10656713791172438,0.0008211725735057751,1.0,0.0,0.27650381673578783,0.01342701427953232,1.0,0.0,0.9999990091075017,4.330490772900602e-09,1.0500139609407257,0.005640458415969718,43.82215243149949,1.177265102881242,95.84205926201884,105.01010739824063,Near tie
folds_T1_d100,Folding: 1 layer,(Expected) Clear near ties [85%-115%],100,constant,Training-mean constant,,,,1,101001,9.900892070375541e-06,fixed,0,2,0.12004620684296807,0.003708063937035488,0.12009405846443855,0.0032581519415927364,0.0,0.0,1.0,0.0,0.27650381673578783,0.01342701427953232,1.0,0.0,0.0,0.0,1.0,0.0,0.0,0.0,91.26936600354776,100.0,Reference
folds_T4_d100,Folding: 4 layers,(Expected) Clear near ties [85%-115%],100,formula,Formula,,,1.0,101001,101001,1.0,fixed,0,2,0.053245264416178065,0.0031133007490860357,0.0,0.0,0.11366401028201614,0.003646554549461081,1.0,0.0,0.17977547109489284,0.03254971266157958,1.0,0.0,1.0,0.0,1.2615415065761737,0.006316822706467719,0.14834743149913265,0.01946172751818484,100.00000000000001,126.13410457577628,Reference
folds_T4_d100,Folding: 4 layers,(Expected) Clear near ties [85%-115%],100,unconstrained,ReLU MLP,200.0,3.0,1.0,100801,101001,0.9980198215859248,fixed,1001,2,0.050212401508847086,0.0026242845487647816,1.283775242982311e-15,1.8227256279480044e-16,0.0970920139333149,0.013748935442927056,1.0,0.0,0.17977547109489284,0.03254971266157958,1.0,0.0,3.8984447282165826,0.45490515845609225,1.1899185872669076,0.013355429662162754,9.454805303499597,0.5496197785695668,94.3039762491827,118.94947602125931,Near tie
folds_T4_d100,Folding: 4 layers,(Expected) Clear near ties [85%-115%],100,spectral,Spectral MLP,200.0,3.0,1.0,100801,101001,0.9980198215859248,fixed,1001,2,0.04917741508679206,0.0025620474754751007,1.2017352727634068e-05,1.0074752192292045e-05,0.09339881922645388,0.002211187343381989,1.0,0.0,0.17977547109489284,0.03254971266157958,1.0,0.0,0.9999989952098653,2.8599010161235733e-08,1.1653979216320136,0.013273480943041588,10.175706437999906,0.029947874298824534,92.36016691063698,116.49766951742436,Near tie
folds_T4_d100,Folding: 4 layers,(Expected) Clear near ties [85%-115%],100,orthogonal,Orthogonal MLP,200.0,3.0,1.0,100801,101001,0.9980198215859248,fixed,1001,2,0.047814089011418814,0.0028128135402029813,1.4575781885615204e-12,7.510080002676729e-13,0.07935251631125471,0.00952739207894442,1.0,0.0,0.17977547109489284,0.03254971266157958,1.0,0.0,0.9999989755944871,1.2887179398161471e-08,1.1328476540049017,0.005267088910529993,43.29787415700048,0.014310639169418228,89.7997024443191,113.26805058985336,Near tie
folds_T4_d100,Folding: 4 layers,(Expected) Clear near ties [85%-115%],100,constant,Training-mean constant,,,,1,101001,9.900892070375541e-06,fixed,0,2,0.042213217904274625,0.0026792254910661083,0.040657671806835924,0.0033312603456820676,0.0,0.0,1.0,0.0,0.17977547109489284,0.03254971266157958,1.0,0.0,0.0,0.0,1.0,0.0,0.0,0.0,79.28069917040087,100.0,Reference
affine_l1_d100,"Affine, ||w||_1=1",(Expected) Clear losses,100,formula,Formula,,,1.0,101001,101001,1.0,fixed,0,2,0.00567176964637457,0.00013715830140855837,0.0,0.0,0.04557981271647941,0.00030844035545448203,1.0,0.0,0.05639234138619912,0.004258042281296992,0.12342304167521682,0.0007770255394907025,1.0,0.0,1.07828986800161,0.029707024758662826,0.1713734815002681,0.004825662249373378,100.0,107.82398321343982,Reference
affine_l1_d100,"Affine, ||w||_1=1",(Expected) Clear losses,100,unconstrained,ReLU MLP,200.0,3.0,1.0,100801,101001,0.9980198215859248,fixed,1001,2,0.00028630754560367153,1.5482380129657073e-05,1.872647419411707e-16,3.923280811254189e-17,0.05088100814450464,3.060176009586674e-05,1.0,0.0,0.05639234138619912,0.004258042281296992,0.12342304167521682,0.0007770255394907025,2.1250106810067577,0.030982485213360073,0.05442425435863986,0.002759965150168402,9.03795132599953,0.5249729148068171,5.047940298257371,5.442890299817492,Formula loss
affine_l1_d100,"Affine, ||w||_1=1",(Expected) Clear losses,100,spectral,Spectral MLP,200.0,3.0,1.0,100801,101001,0.9980198215859248,fixed,1001,2,0.00016507350778552964,2.1533340113826573e-05,1.9540352735185242e-14,6.755495159263202e-16,0.048105554642515716,0.0003017549548044202,1.0,0.0,0.05639234138619912,0.004258042281296992,0.12342304167521682,0.0007770255394907025,0.9999989823778941,1.0234224002480213e-08,0.03137481695641576,0.0039879363403611005,9.992824709501292,0.33118369916668006,2.9104409748207183,3.1381533881277655,Formula loss
affine_l1_d100,"Affine, ||w||_1=1",(Expected) Clear losses,100,orthogonal,Orthogonal MLP,200.0,3.0,1.0,100801,101001,0.9980198215859248,fixed,1001,2,0.002816938190367776,7.34226071471036e-05,1.648157797545421e-13,6.661426630937049e-14,0.04709774245113124,0.008117884557426487,1.0,0.0,0.05639234138619912,0.004258042281296992,0.12342304167521682,0.0007770255394907025,0.9999990203899232,5.505468051273392e-09,0.5355445878713618,0.015762156347450526,44.04295178599932,0.37295193033889273,49.665948478150554,53.55180394987672,Formula loss
affine_l1_d100,"Affine, ||w||_1=1",(Expected) Clear losses,100,constant,Training-mean constant,,,,1,101001,9.900892070375541e-06,fixed,0,2,0.005260211575700356,1.7719663954543097e-05,0.005097472852141819,0.0002099932621653325,0.0,0.0,1.0,0.0,0.05639234138619912,0.004258042281296992,0.12342304167521682,0.0007770255394907025,0.0,0.0,1.0,0.0,0.0,0.0,92.74374496260997,100.0,Reference
tanh_ridge_d100,Tanh ridge,(Expected) Clear losses,100,formula,Formula,,,1.0,101001,101001,1.0,fixed,0,2,0.1474943824590491,0.0227840820871032,0.0,0.0,0.14080665163132317,0.012610447008652742,1.0,0.0,0.24981568998315629,0.007713728881962423,1.0,0.0,1.0,0.0,0.864668032891835,0.0790611127898176,0.16169515150068037,0.04309528958221925,100.0,85.50152649275404,Reference
tanh_ridge_d100,Tanh ridge,(Expected) Clear losses,100,unconstrained,ReLU MLP,200.0,3.0,1.0,100801,101001,0.9980198215859248,fixed,1001,2,0.011476527178672303,0.0024236869842577877,1.076895109753693e-15,3.264394613045129e-16,0.25402559957696136,0.024898440792945488,1.0,0.0,0.24981568998315629,0.007713728881962423,1.0,0.0,4.67147169441474,0.999679793333037,0.07034116120267411,0.03122620930295274,8.931338819998928,0.6699979389307548,7.780992731610431,6.652867561817159,Formula loss
tanh_ridge_d100,Tanh ridge,(Expected) Clear losses,100,spectral,Spectral MLP,200.0,3.0,1.0,100801,101001,0.9980198215859248,fixed,1001,2,0.011901086196669984,0.0006147180234315001,5.781739082200452e-08,8.147620581272276e-08,0.23134817971494478,0.026105466159813167,1.0,0.0,0.24981568998315629,0.007713728881962423,1.0,0.0,0.9999990072327012,7.890391393240286e-09,0.0715582680267785,0.021036934039264,8.864138393000758,0.22568218159633335,8.068840316663751,6.898981641010276,Formula loss
tanh_ridge_d100,Tanh ridge,(Expected) Clear losses,100,orthogonal,Orthogonal MLP,200.0,3.0,1.0,100801,101001,0.9980198215859248,fixed,1001,2,0.06165495839957999,0.01604674013112153,0.002512270882429117,0.003552833242566332,0.18065442846119242,0.018267930120782386,1.0,0.0,0.24981568998315629,0.007713728881962423,1.0,0.0,0.9999990085398394,8.280729096217987e-09,0.35668642255113137,0.005924434938429456,42.14049146150137,0.3256054766068686,41.8015638098611,35.74097515527387,Formula loss
tanh_ridge_d100,Tanh ridge,(Expected) Clear losses,100,constant,Training-mean constant,,,,1,101001,9.900892070375541e-06,fixed,0,2,0.17250496980489438,0.042123121910542835,0.16483866819096293,0.042931181082017794,0.0,0.0,1.0,0.0,0.24981568998315629,0.007713728881962423,1.0,0.0,0.0,0.0,1.0,0.0,0.0,0.0,116.9569762107986,100.0,Reference
