case,experiment,group,target_family,target_level,run,sigma,d,N_train,N_test,formula_scalars,metric,formula_L,beta_mode,noisy_L_D,cv_folds,cv_validation_mse,final_refit_n,final_average_count_min,final_average_count_mean,final_average_count_max,beta_selected,final_L,clean_test_variance,train_mean_baseline_mse,family,method,target_scalar_ratio,width,stored_scalars,scalar_ratio_to_formula,mlp_depth,test_mse,train_noisy_mse,train_clean_mse,mse_over_constant,lipschitz_bound,empirical_lipschitz,optimizer_updates,training_seconds
folds_T1_d100,Folding: 1 layer,Tied,folds,1,12345,0.1,100,1000,2000,101001,l2,1.0,cv,0.2816477163896506,5,0.12360434447492324,1000,874,988.032,1000,9.22338730307246,1.0,0.11742387296509704,0.11742601537455914,constant,Training-mean constant,,,1,9.900892070375541e-06,,0.11742601537455914,0.12334427481698021,0.11779097756131418,1.0,0.0,0.0,0,0.0
folds_T1_d100,Folding: 1 layer,Tied,folds,1,12345,0.1,100,1000,2000,101001,l2,1.0,cv,0.2816477163896506,5,0.12360434447492324,1000,874,988.032,1000,9.22338730307246,1.0,0.11742387296509704,0.11742601537455914,formula,Formula,1.0,,101001,1.0,,0.11742764611317813,0.12340901518721847,0.11785047350169074,1.0000138873708162,1.0,0.0012063354300284746,0,0.39794462400095654
folds_T1_d100,Folding: 1 layer,Tied,folds,1,12345,0.1,100,1000,2000,101001,l2,1.0,cv,0.2816477163896506,5,0.12360434447492324,1000,874,988.032,1000,9.22338730307246,1.0,0.11742387296509704,0.11742601537455914,orthogonal,Orthogonal MLP,1.0,200.0,100801,0.9980198215859248,3.0,0.12217696599501449,7.52839492073957e-13,0.009614152377779715,1.0404590976309722,0.9999990132051737,0.12261032485457066,1001,42.56332610100071
folds_T1_d100,Folding: 1 layer,Tied,folds,1,12345,0.1,100,1000,2000,101001,l2,1.0,cv,0.2816477163896506,5,0.12360434447492324,1000,874,988.032,1000,9.22338730307246,1.0,0.11742387296509704,0.11742601537455914,spectral,Spectral MLP,1.0,200.0,100801,0.9980198215859248,3.0,0.11994458185223061,4.643205739477036e-13,0.009614177572959811,1.0214481132621072,0.9999989785463371,0.11924089899422312,1001,9.107285693000449
folds_T1_d100,Folding: 1 layer,Tied,folds,1,12345,0.1,100,1000,2000,101001,l2,1.0,cv,0.2816477163896506,5,0.12360434447492324,1000,874,988.032,1000,9.22338730307246,1.0,0.11742387296509704,0.11742601537455914,unconstrained,ReLU MLP,1.0,200.0,100801,0.9980198215859248,3.0,0.1330930212928572,2.2609842315877847e-12,0.009614204175230835,1.1334202294808717,6.665243109970919,0.14600162306951409,1001,8.801424229000986
folds_T1_d100,Folding: 1 layer,Tied,folds,1,13345,0.1,100,1000,2000,101001,l2,1.0,cv,0.29478123245814747,5,0.13267360341533002,1000,20,186.09,792,7.711356597650745,1.0,0.12249064856419614,0.1225425504771059,constant,Training-mean constant,,,1,9.900892070375541e-06,,0.1225425504771059,0.13272142612249768,0.12243538269883654,1.0,0.0,0.0,0,0.0
folds_T1_d100,Folding: 1 layer,Tied,folds,1,13345,0.1,100,1000,2000,101001,l2,1.0,cv,0.29478123245814747,5,0.13267360341533002,1000,20,186.09,792,7.711356597650745,1.0,0.12249064856419614,0.1225425504771059,formula,Formula,1.0,,101001,1.0,,0.12282634795216786,0.1292736529521145,0.11910279668430158,1.0023159096489915,1.0,0.01965309383241532,0,0.3945477369998116
folds_T1_d100,Folding: 1 layer,Tied,folds,1,13345,0.1,100,1000,2000,101001,l2,1.0,cv,0.29478123245814747,5,0.13267360341533002,1000,20,186.09,792,7.711356597650745,1.0,0.12249064856419614,0.1225425504771059,orthogonal,Orthogonal MLP,1.0,200.0,100801,0.9980198215859248,3.0,0.12937593322613974,0.0003336565690685258,0.009773219297243205,1.0557633468736274,0.9999989703809145,0.11513672652429852,1001,42.12958631500078
folds_T1_d100,Folding: 1 layer,Tied,folds,1,13345,0.1,100,1000,2000,101001,l2,1.0,cv,0.29478123245814747,5,0.13267360341533002,1000,20,186.09,792,7.711356597650745,1.0,0.12249064856419614,0.1225425504771059,spectral,Spectral MLP,1.0,200.0,100801,0.9980198215859248,3.0,0.12892276445646142,2.976177603284433e-12,0.009333871649428541,1.0520652944998685,0.9999990258112758,0.12741467574739196,1001,9.390558150000288
folds_T1_d100,Folding: 1 layer,Tied,folds,1,13345,0.1,100,1000,2000,101001,l2,1.0,cv,0.29478123245814747,5,0.13267360341533002,1000,20,186.09,792,7.711356597650745,1.0,0.12249064856419614,0.1225425504771059,unconstrained,ReLU MLP,1.0,200.0,100801,0.9980198215859248,3.0,0.15162434449763465,2.9797526849498295e-15,0.009333919185054322,1.2373199668792758,6.519317258825304,0.1698352272953712,1001,8.961482827002328
folds_T4_d100,Folding: 4 layers,Tied,folds,4,12345,0.1,100,1000,2000,101001,l2,1.0,cv,0.21952496141263036,5,0.05404522548605645,1000,65,390.904,866,8.013762738735089,1.0,0.04406537626784027,0.04409700015510534,constant,Training-mean constant,,,1,9.900892070375541e-06,,0.04409700015510534,0.05424284968109571,0.04301400901607753,1.0,0.0,0.0,0,0.0
folds_T4_d100,Folding: 4 layers,Tied,folds,4,12345,0.1,100,1000,2000,101001,l2,1.0,cv,0.21952496141263036,5,0.05404522548605645,1000,65,390.904,866,8.013762738735089,1.0,0.04406537626784027,0.04409700015510534,formula,Formula,1.0,,101001,1.0,,0.044216318785060764,0.05426876091064631,0.04302619526343478,1.002705821927472,1.0,0.0073898384881721756,0,0.4184220550014288
folds_T4_d100,Folding: 4 layers,Tied,folds,4,12345,0.1,100,1000,2000,101001,l2,1.0,cv,0.21952496141263036,5,0.05404522548605645,1000,65,390.904,866,8.013762738735089,1.0,0.04406537626784027,0.04409700015510534,orthogonal,Orthogonal MLP,1.0,200.0,100801,0.9980198215859248,3.0,0.050895934784450175,7.818975919146364e-13,0.009614137875128595,1.1541813412574662,0.9999990202324066,0.08356129027101243,1001,42.37740800100073
folds_T4_d100,Folding: 4 layers,Tied,folds,4,12345,0.1,100,1000,2000,101001,l2,1.0,cv,0.21952496141263036,5,0.05404522548605645,1000,65,390.904,866,8.013762738735089,1.0,0.04406537626784027,0.04409700015510534,spectral,Spectral MLP,1.0,200.0,100801,0.9980198215859248,3.0,0.05353741380311151,6.928103605937902e-09,0.009614913822187786,1.2140828993990693,0.9999989888894676,0.09882339843069665,1001,9.334990338997159
folds_T4_d100,Folding: 4 layers,Tied,folds,4,12345,0.1,100,1000,2000,101001,l2,1.0,cv,0.21952496141263036,5,0.05404522548605645,1000,65,390.904,866,8.013762738735089,1.0,0.04406537626784027,0.04409700015510534,unconstrained,ReLU MLP,1.0,200.0,100801,0.9980198215859248,3.0,0.056207348964397566,1.1452260093029534e-15,0.009614187677556852,1.2746297654419956,4.5539368620688485,0.11434186974037579,1001,8.697911060000479
folds_T4_d100,Folding: 4 layers,Tied,folds,4,13345,0.1,100,1000,2000,101001,l2,1.0,cv,0.18960296343280972,5,0.047316057691090554,1000,843,987.406,1000,9.22338730307246,1.0,0.04029097444629297,0.040291702648334524,constant,Training-mean constant,,,1,9.900892070375541e-06,,0.040291702648334524,0.04725768701880872,0.038339577928867934,1.0,0.0,0.0,0,0.0
folds_T4_d100,Folding: 4 layers,Tied,folds,4,13345,0.1,100,1000,2000,101001,l2,1.0,cv,0.18960296343280972,5,0.047316057691090554,1000,843,987.406,1000,9.22338730307246,1.0,0.04029097444629297,0.040291702648334524,formula,Formula,1.0,,101001,1.0,,0.04028442319993046,0.04725571426016114,0.0383301345276832,0.9998193313281497,1.0,0.0006845133598424626,0,0.38477044899991597
folds_T4_d100,Folding: 4 layers,Tied,folds,4,13345,0.1,100,1000,2000,101001,l2,1.0,cv,0.18960296343280972,5,0.047316057691090554,1000,843,987.406,1000,9.22338730307246,1.0,0.04029097444629297,0.040291702648334524,orthogonal,Orthogonal MLP,1.0,200.0,100801,0.9980198215859248,3.0,0.0471569560939186,1.845284156194964e-12,0.009333861693666777,1.170388764791201,0.9999989706423682,0.07899208208269184,1001,43.518254086000525
folds_T4_d100,Folding: 4 layers,Tied,folds,4,13345,0.1,100,1000,2000,101001,l2,1.0,cv,0.18960296343280972,5,0.047316057691090554,1000,843,987.406,1000,9.22338730307246,1.0,0.04029097444629297,0.040291702648334524,spectral,Spectral MLP,1.0,200.0,100801,0.9980198215859248,3.0,0.05042734778671953,3.132688105955316e-05,0.009179216637802988,1.251556635043418,0.9999989638432827,0.09933796384085389,1001,9.619881583999813
folds_T4_d100,Folding: 4 layers,Tied,folds,4,13345,0.1,100,1000,2000,101001,l2,1.0,cv,0.18960296343280972,5,0.047316057691090554,1000,843,987.406,1000,9.22338730307246,1.0,0.04029097444629297,0.040291702648334524,unconstrained,ReLU MLP,1.0,200.0,100801,0.9980198215859248,3.0,0.052513399599549974,1.9003106724084788e-07,0.009345224191193208,1.3033303669960605,3.9328166187258247,0.10183977210396196,1001,8.928938401997584
voronoi_K64_d100,64 signed Voronoi tents,Hard,voronoi,64,12345,0.1,100,1000,2000,101001,l2,1.0,cv,0.263837679819371,5,0.061827769034121786,1000,16,183.634,664,7.711356597650745,1.0,0.04844766908841132,0.04849445398040263,constant,Training-mean constant,,,1,9.900892070375541e-06,,0.04849445398040263,0.06200195838952017,0.0523751543152388,1.0,0.0,0.0,0,0.0
voronoi_K64_d100,64 signed Voronoi tents,Hard,voronoi,64,12345,0.1,100,1000,2000,101001,l2,1.0,cv,0.263837679819371,5,0.061827769034121786,1000,16,183.634,664,7.711356597650745,1.0,0.04844766908841132,0.04849445398040263,formula,Formula,1.0,,101001,1.0,,0.04847194948510656,0.05941594756999075,0.04997757545685325,0.9995359367216473,1.0,0.016709854643378486,0,0.4005032659988501
voronoi_K64_d100,64 signed Voronoi tents,Hard,voronoi,64,12345,0.1,100,1000,2000,101001,l2,1.0,cv,0.263837679819371,5,0.061827769034121786,1000,16,183.634,664,7.711356597650745,1.0,0.04844766908841132,0.04849445398040263,orthogonal,Orthogonal MLP,1.0,200.0,100801,0.9980198215859248,3.0,0.05233538439755074,3.999349364821849e-13,0.009614139587381712,1.0792034985835761,0.9999990038482448,0.09056039790823259,1001,43.640994350000256
voronoi_K64_d100,64 signed Voronoi tents,Hard,voronoi,64,12345,0.1,100,1000,2000,101001,l2,1.0,cv,0.263837679819371,5,0.061827769034121786,1000,16,183.634,664,7.711356597650745,1.0,0.04844766908841132,0.04849445398040263,spectral,Spectral MLP,1.0,200.0,100801,0.9980198215859248,3.0,0.05667390268315526,1.2282231013244138e-06,0.009611449860429224,1.1686677141690898,0.9999989688176164,0.11201661300179522,1001,9.292228295998939
voronoi_K64_d100,64 signed Voronoi tents,Hard,voronoi,64,12345,0.1,100,1000,2000,101001,l2,1.0,cv,0.263837679819371,5,0.061827769034121786,1000,16,183.634,664,7.711356597650745,1.0,0.04844766908841132,0.04849445398040263,unconstrained,ReLU MLP,1.0,200.0,100801,0.9980198215859248,3.0,0.05927806964787663,8.673746311614957e-16,0.009614187739795565,1.2223680190693935,4.741324367083881,0.09952238029734735,1001,8.918673257998307
voronoi_K64_d100,64 signed Voronoi tents,Hard,voronoi,64,13345,0.1,100,1000,2000,101001,l2,1.0,cv,0.26318806762665276,5,0.056706923245822806,1000,382,836.462,999,8.618575020903775,1.0,0.04837636696700743,0.048448628918409155,constant,Training-mean constant,,,1,9.900892070375541e-06,,0.048448628918409155,0.056639203756738005,0.04753402993197429,1.0,0.0,0.0,0,0.0
voronoi_K64_d100,64 signed Voronoi tents,Hard,voronoi,64,13345,0.1,100,1000,2000,101001,l2,1.0,cv,0.26318806762665276,5,0.056706923245822806,1000,382,836.462,999,8.618575020903775,1.0,0.04837636696700743,0.048448628918409155,formula,Formula,1.0,,101001,1.0,,0.048440891134211524,0.056520381434918866,0.047362232925215866,0.9998402888921653,1.0,0.002786350126130587,0,0.4174337430013111
voronoi_K64_d100,64 signed Voronoi tents,Hard,voronoi,64,13345,0.1,100,1000,2000,101001,l2,1.0,cv,0.26318806762665276,5,0.056706923245822806,1000,382,836.462,999,8.618575020903775,1.0,0.04837636696700743,0.048448628918409155,orthogonal,Orthogonal MLP,1.0,200.0,100801,0.9980198215859248,3.0,0.0529305356317661,3.752387061416006e-13,0.009333873774325726,1.092508432403831,0.9999990213799524,0.08657807676249742,1001,42.929393638001784
voronoi_K64_d100,64 signed Voronoi tents,Hard,voronoi,64,13345,0.1,100,1000,2000,101001,l2,1.0,cv,0.26318806762665276,5,0.056706923245822806,1000,382,836.462,999,8.618575020903775,1.0,0.04837636696700743,0.048448628918409155,spectral,Spectral MLP,1.0,200.0,100801,0.9980198215859248,3.0,0.05614875185530115,4.4153951446574184e-13,0.00933391618913447,1.158933763633632,0.9999990005315809,0.09792982074723887,1001,9.522235240001464
voronoi_K64_d100,64 signed Voronoi tents,Hard,voronoi,64,13345,0.1,100,1000,2000,101001,l2,1.0,cv,0.26318806762665276,5,0.056706923245822806,1000,382,836.462,999,8.618575020903775,1.0,0.04837636696700743,0.048448628918409155,unconstrained,ReLU MLP,1.0,200.0,100801,0.9980198215859248,3.0,0.05867705619213041,8.310836528296568e-16,0.009333919276022616,1.2111190244608703,4.154543050573697,0.10864823172937031,1001,8.951704870996764
folds_T1_d100,Folding: 1 layer,Tied,folds,1,12345,0.2,100,1000,2000,101001,l2,1.0,cv,0.33142105406650874,5,0.1483730561368698,1000,874,988.032,1000,9.22338730307246,1.0,0.11742387296509704,0.11742938191892525,constant,Training-mean constant,,,1,9.900892070375541e-06,,0.11742938191892525,0.1481251668997841,0.11779331884805012,1.0,0.0,0.0,0,0.0
folds_T1_d100,Folding: 1 layer,Tied,folds,1,12345,0.2,100,1000,2000,101001,l2,1.0,cv,0.33142105406650874,5,0.1483730561368698,1000,874,988.032,1000,9.22338730307246,1.0,0.11742387296509704,0.11742938191892525,formula,Formula,1.0,,101001,1.0,,0.11743233811385648,0.14820096375416267,0.11785756068164568,1.0000251742356379,1.0,0.0013522600177065644,0,0.3425326140022662
folds_T1_d100,Folding: 1 layer,Tied,folds,1,12345,0.2,100,1000,2000,101001,l2,1.0,cv,0.33142105406650874,5,0.1483730561368698,1000,874,988.032,1000,9.22338730307246,1.0,0.11742387296509704,0.11742938191892525,orthogonal,Orthogonal MLP,1.0,200.0,100801,0.9980198215859248,3.0,0.1239532454458496,3.278203961778676e-08,0.03845855952869117,1.0555556319919022,0.9999989821680364,0.12751557177881664,1001,42.64957723500265
folds_T1_d100,Folding: 1 layer,Tied,folds,1,12345,0.2,100,1000,2000,101001,l2,1.0,cv,0.33142105406650874,5,0.1483730561368698,1000,874,988.032,1000,9.22338730307246,1.0,0.11742387296509704,0.11742938191892525,spectral,Spectral MLP,1.0,200.0,100801,0.9980198215859248,3.0,0.12445687716905696,4.8928525631706306e-11,0.038456021463477284,1.0598444370164835,0.9999990225355518,0.13505091324778565,1001,10.838345192998531
folds_T1_d100,Folding: 1 layer,Tied,folds,1,12345,0.2,100,1000,2000,101001,l2,1.0,cv,0.33142105406650874,5,0.1483730561368698,1000,874,988.032,1000,9.22338730307246,1.0,0.11742387296509704,0.11742938191892525,unconstrained,ReLU MLP,1.0,200.0,100801,0.9980198215859248,3.0,0.1430935474788976,1.058766747863638e-12,0.03845671032329938,1.2185497797960925,7.386299326431514,0.1620867317567318,1001,7.846287164000387
folds_T1_d100,Folding: 1 layer,Tied,folds,1,13345,0.2,100,1000,2000,101001,l2,1.0,cv,0.34403315776431614,5,0.16167258664626413,1000,20,186.09,792,7.711356597650745,1.0,0.12249064856419614,0.1224918227610159,constant,Training-mean constant,,,1,9.900892070375541e-06,,0.1224918227610159,0.16163784518871632,0.12254777140592148,1.0,0.0,0.0,0,0.0
folds_T1_d100,Folding: 1 layer,Tied,folds,1,13345,0.2,100,1000,2000,101001,l2,1.0,cv,0.34403315776431614,5,0.16167258664626413,1000,20,186.09,792,7.711356597650745,1.0,0.12249064856419614,0.1224918227610159,formula,Formula,1.0,,101001,1.0,,0.12293569497630491,0.15796697918904473,0.11938235700464912,1.0036236885473981,1.0,0.02108854881726227,0,0.3278075380003429
folds_T1_d100,Folding: 1 layer,Tied,folds,1,13345,0.2,100,1000,2000,101001,l2,1.0,cv,0.34403315776431614,5,0.16167258664626413,1000,20,186.09,792,7.711356597650745,1.0,0.12249064856419614,0.1224918227610159,orthogonal,Orthogonal MLP,1.0,200.0,100801,0.9980198215859248,3.0,0.13170956063184752,1.0919592732191196e-12,0.037335480793407316,1.0752518630473449,0.999999025600015,0.12810841301940035,1001,43.135000091999245
folds_T1_d100,Folding: 1 layer,Tied,folds,1,13345,0.2,100,1000,2000,101001,l2,1.0,cv,0.34403315776431614,5,0.16167258664626413,1000,20,186.09,792,7.711356597650745,1.0,0.12249064856419614,0.1224918227610159,spectral,Spectral MLP,1.0,200.0,100801,0.9980198215859248,3.0,0.1345937572469595,1.7216985501606855e-07,0.03728304624165678,1.0987978969792516,0.9999990123528859,0.13798871914564634,1001,10.502772816002107
folds_T1_d100,Folding: 1 layer,Tied,folds,1,13345,0.2,100,1000,2000,101001,l2,1.0,cv,0.34403315776431614,5,0.16167258664626413,1000,20,186.09,792,7.711356597650745,1.0,0.12249064856419614,0.1224918227610159,unconstrained,ReLU MLP,1.0,200.0,100801,0.9980198215859248,3.0,0.16507868665375372,3.2393487952353755e-15,0.03733567588988197,1.3476710765895423,6.958314389573023,0.18527501274966796,1001,7.782549141000345
folds_T4_d100,Folding: 4 layers,Tied,folds,4,12345,0.2,100,1000,2000,101001,l2,1.0,cv,0.2669808158308373,5,0.08446566198309685,1000,65,390.904,866,8.013762738735089,1.0,0.04406537626784027,0.044087844750699316,constant,Training-mean constant,,,1,9.900892070375541e-06,,0.044087844750699316,0.08469928517325179,0.043016350302813464,1.0,0.0,0.0,0,0.0
folds_T4_d100,Folding: 4 layers,Tied,folds,4,12345,0.2,100,1000,2000,101001,l2,1.0,cv,0.2669808158308373,5,0.08446566198309685,1000,65,390.904,866,8.013762738735089,1.0,0.04406537626784027,0.044087844750699316,formula,Formula,1.0,,101001,1.0,,0.04425880154793338,0.08484162033679425,0.043119096891746124,1.003877640156845,1.0,0.008532824129876196,0,0.3324581670021871
folds_T4_d100,Folding: 4 layers,Tied,folds,4,12345,0.2,100,1000,2000,101001,l2,1.0,cv,0.2669808158308373,5,0.08446566198309685,1000,65,390.904,866,8.013762738735089,1.0,0.04406537626784027,0.044087844750699316,orthogonal,Orthogonal MLP,1.0,200.0,100801,0.9980198215859248,3.0,0.05557184381219739,1.1607099571430638e-12,0.038456549614392176,1.2604799378703109,0.9999989962642712,0.09379298238234779,1001,42.29158697800085
folds_T4_d100,Folding: 4 layers,Tied,folds,4,12345,0.2,100,1000,2000,101001,l2,1.0,cv,0.2669808158308373,5,0.08446566198309685,1000,65,390.904,866,8.013762738735089,1.0,0.04406537626784027,0.044087844750699316,spectral,Spectral MLP,1.0,200.0,100801,0.9980198215859248,3.0,0.0605628794484033,3.9155850439853684e-13,0.038456662687987815,1.3736865521747388,0.9999989854615196,0.11712997579463337,1001,9.468657579000137
folds_T4_d100,Folding: 4 layers,Tied,folds,4,12345,0.2,100,1000,2000,101001,l2,1.0,cv,0.2669808158308373,5,0.08446566198309685,1000,65,390.904,866,8.013762738735089,1.0,0.04406537626784027,0.044087844750699316,unconstrained,ReLU MLP,1.0,200.0,100801,0.9980198215859248,3.0,0.06997669860223471,2.2235403523953444e-15,0.03845675110373378,1.5872106926053524,5.284613483804334,0.1381996413531161,1001,7.598313980000967
folds_T4_d100,Folding: 4 layers,Tied,folds,4,13345,0.2,100,1000,2000,101001,l2,1.0,cv,0.2502960142599171,5,0.07494312263087102,1000,843,987.406,1000,9.22338730307246,1.0,0.04029097444629297,0.04033961171017842,constant,Training-mean constant,,,1,9.900892070375541e-06,,0.04033961171017842,0.07480617175130698,0.038451966635952864,1.0,0.0,0.0,0,0.0
folds_T4_d100,Folding: 4 layers,Tied,folds,4,13345,0.2,100,1000,2000,101001,l2,1.0,cv,0.2502960142599171,5,0.07494312263087102,1000,843,987.406,1000,9.22338730307246,1.0,0.04029097444629297,0.04033961171017842,formula,Formula,1.0,,101001,1.0,,0.040330194092877795,0.07480560920904236,0.03843791283798923,0.9997665416968243,1.0,0.0007550801431032839,0,0.3463522700003523
folds_T4_d100,Folding: 4 layers,Tied,folds,4,13345,0.2,100,1000,2000,101001,l2,1.0,cv,0.2502960142599171,5,0.07494312263087102,1000,843,987.406,1000,9.22338730307246,1.0,0.04029097444629297,0.04033961171017842,orthogonal,Orthogonal MLP,1.0,200.0,100801,0.9980198215859248,3.0,0.05045473345044116,2.3776760844756425e-12,0.03733546313080693,1.2507491101534451,0.9999989688375759,0.09371490269302807,1001,43.09685539700149
folds_T4_d100,Folding: 4 layers,Tied,folds,4,13345,0.2,100,1000,2000,101001,l2,1.0,cv,0.2502960142599171,5,0.07494312263087102,1000,843,987.406,1000,9.22338730307246,1.0,0.04029097444629297,0.04033961171017842,spectral,Spectral MLP,1.0,200.0,100801,0.9980198215859248,3.0,0.05731470186474135,1.0682175868804374e-06,0.03739055075622717,1.42080450046275,0.9999990091830416,0.10833914256028011,1001,10.258638502000395
folds_T4_d100,Folding: 4 layers,Tied,folds,4,13345,0.2,100,1000,2000,101001,l2,1.0,cv,0.2502960142599171,5,0.07494312263087102,1000,843,987.406,1000,9.22338730307246,1.0,0.04029097444629297,0.04033961171017842,unconstrained,ReLU MLP,1.0,200.0,100801,0.9980198215859248,3.0,0.06376573188064127,3.0036689711216233e-15,0.037335677330712545,1.580722500225554,5.264785526576873,0.11701159641472951,1001,7.899894975998905
voronoi_K64_d100,64 signed Voronoi tents,Hard,voronoi,64,12345,0.2,100,1000,2000,101001,l2,1.0,cv,0.2862784045479694,5,0.09061619210856774,1000,16,183.634,664,7.711356597650745,1.0,0.04844766908841132,0.04850731948810686,constant,Training-mean constant,,,1,9.900892070375541e-06,,0.04850731948810686,0.09085635729093942,0.05237749560197474,1.0,0.0,0.0,0,0.0
voronoi_K64_d100,64 signed Voronoi tents,Hard,voronoi,64,12345,0.2,100,1000,2000,101001,l2,1.0,cv,0.2862784045479694,5,0.09061619210856774,1000,16,183.634,664,7.711356597650745,1.0,0.04844766908841132,0.04850731948810686,formula,Formula,1.0,,101001,1.0,,0.048499272852307505,0.08792088065783157,0.0501606494304581,0.9998341150184288,1.0,0.01640717480317236,0,0.343565082999703
voronoi_K64_d100,64 signed Voronoi tents,Hard,voronoi,64,12345,0.2,100,1000,2000,101001,l2,1.0,cv,0.2862784045479694,5,0.09061619210856774,1000,16,183.634,664,7.711356597650745,1.0,0.04844766908841132,0.04850731948810686,orthogonal,Orthogonal MLP,1.0,200.0,100801,0.9980198215859248,3.0,0.05771070254080837,6.256021630136917e-13,0.03845655361278484,1.1897318414998796,0.9999990000667645,0.10859793593927988,1001,44.103958210998826
voronoi_K64_d100,64 signed Voronoi tents,Hard,voronoi,64,12345,0.2,100,1000,2000,101001,l2,1.0,cv,0.2862784045479694,5,0.09061619210856774,1000,16,183.634,664,7.711356597650745,1.0,0.04844766908841132,0.04850731948810686,spectral,Spectral MLP,1.0,200.0,100801,0.9980198215859248,3.0,0.06268065330205715,6.289788734686706e-08,0.03843042017926163,1.2921895904271794,0.9999990331363504,0.13241345105823552,1001,9.535974103000626
voronoi_K64_d100,64 signed Voronoi tents,Hard,voronoi,64,12345,0.2,100,1000,2000,101001,l2,1.0,cv,0.2862784045479694,5,0.09061619210856774,1000,16,183.634,664,7.711356597650745,1.0,0.04844766908841132,0.04850731948810686,unconstrained,ReLU MLP,1.0,200.0,100801,0.9980198215859248,3.0,0.06758065813447581,8.521919938662871e-16,0.03845675055363194,1.3932053728725495,5.768149583545488,0.13671032492836013,1001,7.809383921001427
voronoi_K64_d100,64 signed Voronoi tents,Hard,voronoi,64,13345,0.2,100,1000,2000,101001,l2,1.0,cv,0.30472926346228596,5,0.08451725310153929,1000,382,836.462,999,8.618575020903775,1.0,0.04837636696700743,0.04838203140697526,constant,Training-mean constant,,,1,9.900892070375541e-06,,0.04838203140697526,0.0843747532240592,0.04764641863905922,1.0,0.0,0.0,0,0.0
voronoi_K64_d100,64 signed Voronoi tents,Hard,voronoi,64,13345,0.2,100,1000,2000,101001,l2,1.0,cv,0.30472926346228596,5,0.08451725310153929,1000,382,836.462,999,8.618575020903775,1.0,0.04837636696700743,0.04838203140697526,formula,Formula,1.0,,101001,1.0,,0.04836823422139217,0.08434936735134539,0.047477805853013054,0.9997148283116303,1.0,0.0029742904859039183,0,0.3449940400023479
voronoi_K64_d100,64 signed Voronoi tents,Hard,voronoi,64,13345,0.2,100,1000,2000,101001,l2,1.0,cv,0.30472926346228596,5,0.08451725310153929,1000,382,836.462,999,8.618575020903775,1.0,0.04837636696700743,0.04838203140697526,orthogonal,Orthogonal MLP,1.0,200.0,100801,0.9980198215859248,3.0,0.05745569863576534,4.950038679971374e-13,0.03733549879545871,1.1875420887656638,0.9999990020374077,0.10002648799889305,1001,43.20114717999968
voronoi_K64_d100,64 signed Voronoi tents,Hard,voronoi,64,13345,0.2,100,1000,2000,101001,l2,1.0,cv,0.30472926346228596,5,0.08451725310153929,1000,382,836.462,999,8.618575020903775,1.0,0.04837636696700743,0.04838203140697526,spectral,Spectral MLP,1.0,200.0,100801,0.9980198215859248,3.0,0.0624546183017724,0.00010725122897158593,0.03604140645876476,1.2908639113645877,0.9999988159453513,0.11056114735325297,1001,10.00192962300207
voronoi_K64_d100,64 signed Voronoi tents,Hard,voronoi,64,13345,0.2,100,1000,2000,101001,l2,1.0,cv,0.30472926346228596,5,0.08451725310153929,1000,382,836.462,999,8.618575020903775,1.0,0.04837636696700743,0.04838203140697526,unconstrained,ReLU MLP,1.0,200.0,100801,0.9980198215859248,3.0,0.07132532320867847,0.001580749088173006,0.038548049142747044,1.4742110063281773,5.345167727371509,0.11529283486632427,1001,7.977849046998017
folds_T1_d100,Folding: 1 layer,Tied,folds,1,12345,0.8,100,1000,2000,101001,l2,1.0,cv,0.7380988818280602,5,0.7010371887702764,1000,413,838.212,993,8.618575020903775,1.0,0.11742387296509704,0.11748235919942493,constant,Training-mean constant,,,1,9.900892070375541e-06,,0.11748235919942493,0.7005736217593516,0.11784014458276879,1.0,0.0,0.0,0,0.0
folds_T1_d100,Folding: 1 layer,Tied,folds,1,12345,0.8,100,1000,2000,101001,l2,1.0,cv,0.7380988818280602,5,0.7010371887702764,1000,413,838.212,993,8.618575020903775,1.0,0.11742387296509704,0.11748235919942493,formula,Formula,1.0,,101001,1.0,,0.11739900725255265,0.7010235369543464,0.1185476458569521,0.9992905152106216,1.0,0.007705132330782823,0,0.3658221349978703
folds_T1_d100,Folding: 1 layer,Tied,folds,1,12345,0.8,100,1000,2000,101001,l2,1.0,cv,0.7380988818280602,5,0.7010371887702764,1000,413,838.212,993,8.618575020903775,1.0,0.11742387296509704,0.11748235919942493,orthogonal,Orthogonal MLP,1.0,200.0,100801,0.9980198215859248,3.0,0.16268319276294305,0.010663998953463703,0.4906297877438066,1.384745708815655,0.9999989888694498,0.21742502565431515,1001,41.64054601300086
folds_T1_d100,Folding: 1 layer,Tied,folds,1,12345,0.8,100,1000,2000,101001,l2,1.0,cv,0.7380988818280602,5,0.7010371887702764,1000,413,838.212,993,8.618575020903775,1.0,0.11742387296509704,0.11748235919942493,spectral,Spectral MLP,1.0,200.0,100801,0.9980198215859248,3.0,0.16878749233392415,0.1611197585274525,0.22803494702055568,1.436704995406241,0.9999990098396466,0.21957421931103324,1001,9.484880923002493
folds_T1_d100,Folding: 1 layer,Tied,folds,1,12345,0.8,100,1000,2000,101001,l2,1.0,cv,0.7380988818280602,5,0.7010371887702764,1000,413,838.212,993,8.618575020903775,1.0,0.11742387296509704,0.11748235919942493,unconstrained,ReLU MLP,1.0,200.0,100801,0.9980198215859248,3.0,0.3468717908591998,2.249757877122229e-14,0.6153080303632331,2.9525436263191565,13.21625716483898,0.36937733233668835,1001,7.851386751000973
folds_T1_d100,Folding: 1 layer,Tied,folds,1,13345,0.8,100,1000,2000,101001,l2,1.0,cv,0.7484318562520988,5,0.7266446451662141,1000,997,999.988,1000,10.130605726325488,1.0,0.12249064856419614,0.12376089836366494,constant,Training-mean constant,,,1,9.900892070375541e-06,,0.12376089836366494,0.7255875271301406,0.12479554554762003,1.0,0.0,0.0,0,0.0
folds_T1_d100,Folding: 1 layer,Tied,folds,1,13345,0.8,100,1000,2000,101001,l2,1.0,cv,0.7484318562520988,5,0.7266446451662141,1000,997,999.988,1000,10.130605726325488,1.0,0.12249064856419614,0.12376089836366494,formula,Formula,1.0,,101001,1.0,,0.12376068153120588,0.7255857187373956,0.12479699122407434,0.9999982479728095,1.0,0.0,0,0.3334643070011225
folds_T1_d100,Folding: 1 layer,Tied,folds,1,13345,0.8,100,1000,2000,101001,l2,1.0,cv,0.7484318562520988,5,0.7266446451662141,1000,997,999.988,1000,10.130605726325488,1.0,0.12249064856419614,0.12376089836366494,orthogonal,Orthogonal MLP,1.0,200.0,100801,0.9980198215859248,3.0,0.18042635789684736,0.011935389317949244,0.46552497237186957,1.4578623804642554,0.9999989848802503,0.21883175122026519,1001,42.71098251899821
folds_T1_d100,Folding: 1 layer,Tied,folds,1,13345,0.8,100,1000,2000,101001,l2,1.0,cv,0.7484318562520988,5,0.7266446451662141,1000,997,999.988,1000,10.130605726325488,1.0,0.12249064856419614,0.12376089836366494,spectral,Spectral MLP,1.0,200.0,100801,0.9980198215859248,3.0,0.17928055350636657,0.16808835946440756,0.20964244713520316,1.4486041704348334,0.9999989212926911,0.2049282428488033,1001,8.952745046997734
folds_T1_d100,Folding: 1 layer,Tied,folds,1,13345,0.8,100,1000,2000,101001,l2,1.0,cv,0.7484318562520988,5,0.7266446451662141,1000,997,999.988,1000,10.130605726325488,1.0,0.12249064856419614,0.12376089836366494,unconstrained,ReLU MLP,1.0,200.0,100801,0.9980198215859248,3.0,0.35338805437251325,9.366722059078638e-15,0.5973708364091128,2.8554095764083813,13.036346899466356,0.3974104284990095,1001,7.751438005998352
folds_T4_d100,Folding: 4 layers,Tied,folds,4,12345,0.8,100,1000,2000,101001,l2,1.0,cv,0.6311397968263214,5,0.6713142363005511,1000,65,390.904,866,8.013762738735089,1.0,0.04406537626784027,0.044065690338566214,constant,Training-mean constant,,,1,9.900892070375541e-06,,0.044065690338566214,0.671201000488932,0.04306317603753212,1.0,0.0,0.0,0,0.0
folds_T4_d100,Folding: 4 layers,Tied,folds,4,12345,0.8,100,1000,2000,101001,l2,1.0,cv,0.6311397968263214,5,0.6713142363005511,1000,65,390.904,866,8.013762738735089,1.0,0.04406537626784027,0.044065690338566214,formula,Formula,1.0,,101001,1.0,,0.04484366088868508,0.6730467643578534,0.04445925896265943,1.0176547909301215,1.0,0.02448866484007567,0,0.402108013000543
folds_T4_d100,Folding: 4 layers,Tied,folds,4,12345,0.8,100,1000,2000,101001,l2,1.0,cv,0.6311397968263214,5,0.6713142363005511,1000,65,390.904,866,8.013762738735089,1.0,0.04406537626784027,0.044065690338566214,orthogonal,Orthogonal MLP,1.0,200.0,100801,0.9980198215859248,3.0,0.10767389753015717,0.007586805779422037,0.5013710114518984,2.443486002440342,0.999999029574053,0.23727900974026123,1001,41.63824003300033
folds_T4_d100,Folding: 4 layers,Tied,folds,4,12345,0.8,100,1000,2000,101001,l2,1.0,cv,0.6311397968263214,5,0.6713142363005511,1000,65,390.904,866,8.013762738735089,1.0,0.04406537626784027,0.044065690338566214,spectral,Spectral MLP,1.0,200.0,100801,0.9980198215859248,3.0,0.1112083136276554,0.14447080867468143,0.20990283620717054,2.523693893666885,0.9999989990812754,0.2198327274635144,1001,9.244917330001044
folds_T4_d100,Folding: 4 layers,Tied,folds,4,12345,0.8,100,1000,2000,101001,l2,1.0,cv,0.6311397968263214,5,0.6713142363005511,1000,65,390.904,866,8.013762738735089,1.0,0.04406537626784027,0.044065690338566214,unconstrained,ReLU MLP,1.0,200.0,100801,0.9980198215859248,3.0,0.30268784495556644,4.2357210933138156e-13,0.6153076479365109,6.869014024969321,11.838596506940162,0.4246690974502178,1001,7.7964101120014675
folds_T4_d100,Folding: 4 layers,Tied,folds,4,13345,0.8,100,1000,2000,101001,l2,1.0,cv,0.7063084692094606,5,0.6320443511639994,1000,997,999.988,1000,10.130605726325488,1.0,0.04029097444629297,0.04220050798043074,constant,Training-mean constant,,,1,9.900892070375541e-06,,0.04220050798043074,0.630548247690409,0.04069974077765142,1.0,0.0,0.0,0,0.0
folds_T4_d100,Folding: 4 layers,Tied,folds,4,13345,0.8,100,1000,2000,101001,l2,1.0,cv,0.7063084692094606,5,0.6320443511639994,1000,997,999.988,1000,10.130605726325488,1.0,0.04029097444629297,0.04220050798043074,formula,Formula,1.0,,101001,1.0,,0.04220035044392756,0.6305479128787814,0.04070128715871857,0.9999962669524439,1.0,0.0,0,0.41156800799944904
folds_T4_d100,Folding: 4 layers,Tied,folds,4,13345,0.8,100,1000,2000,101001,l2,1.0,cv,0.7063084692094606,5,0.6320443511639994,1000,997,999.988,1000,10.130605726325488,1.0,0.04029097444629297,0.04220050798043074,orthogonal,Orthogonal MLP,1.0,200.0,100801,0.9980198215859248,3.0,0.1073070919819984,0.005716489281472064,0.4993511309379551,2.542791476153769,0.9999989775403317,0.18426995169989716,1001,42.744079476997285
folds_T4_d100,Folding: 4 layers,Tied,folds,4,13345,0.8,100,1000,2000,101001,l2,1.0,cv,0.7063084692094606,5,0.6320443511639994,1000,997,999.988,1000,10.130605726325488,1.0,0.04029097444629297,0.04220050798043074,spectral,Spectral MLP,1.0,200.0,100801,0.9980198215859248,3.0,0.10665659299713769,0.1457623035281467,0.19848341366240124,2.5273769938171498,0.9999988983806501,0.1781840160484546,1001,9.153201361998072
folds_T4_d100,Folding: 4 layers,Tied,folds,4,13345,0.8,100,1000,2000,101001,l2,1.0,cv,0.7063084692094606,5,0.6320443511639994,1000,997,999.988,1000,10.130605726325488,1.0,0.04029097444629297,0.04220050798043074,unconstrained,ReLU MLP,1.0,200.0,100801,0.9980198215859248,3.0,0.28991786957733157,6.632780354128412e-08,0.5972598348619406,6.870008998748843,14.414476493752293,0.3782559803188683,1001,7.557558156000596
voronoi_K64_d100,64 signed Voronoi tents,Hard,voronoi,64,12345,0.8,100,1000,2000,101001,l2,1.0,cv,0.6723606859409431,5,0.6678107623561439,1000,16,183.634,664,7.711356597650745,1.0,0.04844766908841132,0.048617290548635325,constant,Training-mean constant,,,1,9.900892070375541e-06,,0.048617290548635325,0.667745853062199,0.05242432133669339,1.0,0.0,0.0,0,0.0
voronoi_K64_d100,64 signed Voronoi tents,Hard,voronoi,64,12345,0.8,100,1000,2000,101001,l2,1.0,cv,0.6723606859409431,5,0.6678107623561439,1000,16,183.634,664,7.711356597650745,1.0,0.04844766908841132,0.048617290548635325,formula,Formula,1.0,,101001,1.0,,0.04946970103817944,0.6579482360757717,0.053703623139914614,1.0175330726974878,1.0,0.036425212369149376,0,0.36966364399995655
voronoi_K64_d100,64 signed Voronoi tents,Hard,voronoi,64,12345,0.8,100,1000,2000,101001,l2,1.0,cv,0.6723606859409431,5,0.6678107623561439,1000,16,183.634,664,7.711356597650745,1.0,0.04844766908841132,0.048617290548635325,orthogonal,Orthogonal MLP,1.0,200.0,100801,0.9980198215859248,3.0,0.10922620089338869,0.0068434757224985245,0.5068086728247237,2.2466533955470425,0.9999990148851114,0.24281548072385964,1001,42.526872580998315
voronoi_K64_d100,64 signed Voronoi tents,Hard,voronoi,64,12345,0.8,100,1000,2000,101001,l2,1.0,cv,0.6723606859409431,5,0.6678107623561439,1000,16,183.634,664,7.711356597650745,1.0,0.04844766908841132,0.048617290548635325,spectral,Spectral MLP,1.0,200.0,100801,0.9980198215859248,3.0,0.11191099958907796,0.13087790216586326,0.22544380273002493,2.301876520188336,0.9999989590993552,0.22863988133576021,1001,9.526804731001903
voronoi_K64_d100,64 signed Voronoi tents,Hard,voronoi,64,12345,0.8,100,1000,2000,101001,l2,1.0,cv,0.6723606859409431,5,0.6678107623561439,1000,16,183.634,664,7.711356597650745,1.0,0.04844766908841132,0.048617290548635325,unconstrained,ReLU MLP,1.0,200.0,100801,0.9980198215859248,3.0,0.2748754701547211,6.584192583243615e-15,0.6153080128659166,5.653862382144551,12.075218778997199,0.4106659427298904,1001,7.5533829710002465
voronoi_K64_d100,64 signed Voronoi tents,Hard,voronoi,64,13345,0.8,100,1000,2000,101001,l2,1.0,cv,0.6677774631965522,5,0.6428114423503123,1000,647,946.166,1000,8.920981161988117,1.0,0.04837636696700743,0.04955588823756085,constant,Training-mean constant,,,1,9.900892070375541e-06,,0.04955588823756085,0.6412392175720988,0.049894192780757775,1.0,0.0,0.0,0,0.0
voronoi_K64_d100,64 signed Voronoi tents,Hard,voronoi,64,13345,0.8,100,1000,2000,101001,l2,1.0,cv,0.6677774631965522,5,0.6428114423503123,1000,647,946.166,1000,8.920981161988117,1.0,0.04837636696700743,0.04955588823756085,formula,Formula,1.0,,101001,1.0,,0.0495405401958814,0.6417367970699726,0.04986556092223009,0.9996902882336429,1.0,0.0044583336100747,0,0.37717552300091484
voronoi_K64_d100,64 signed Voronoi tents,Hard,voronoi,64,13345,0.8,100,1000,2000,101001,l2,1.0,cv,0.6677774631965522,5,0.6428114423503123,1000,647,946.166,1000,8.920981161988117,1.0,0.04837636696700743,0.04955588823756085,orthogonal,Orthogonal MLP,1.0,200.0,100801,0.9980198215859248,3.0,0.11448251995913637,0.005029611084602342,0.504447774209209,2.3101698714455576,0.9999990034707469,0.20203029291953709,1001,42.06110025000089
voronoi_K64_d100,64 signed Voronoi tents,Hard,voronoi,64,13345,0.8,100,1000,2000,101001,l2,1.0,cv,0.6677774631965522,5,0.6428114423503123,1000,647,946.166,1000,8.920981161988117,1.0,0.04837636696700743,0.04955588823756085,spectral,Spectral MLP,1.0,200.0,100801,0.9980198215859248,3.0,0.1149368976528585,0.12292112818940354,0.22137962046489879,2.3193388664909884,0.999999019224805,0.20697678021626273,1001,8.560522522999236
voronoi_K64_d100,64 signed Voronoi tents,Hard,voronoi,64,13345,0.8,100,1000,2000,101001,l2,1.0,cv,0.6677774631965522,5,0.6428114423503123,1000,647,946.166,1000,8.920981161988117,1.0,0.04837636696700743,0.04955588823756085,unconstrained,ReLU MLP,1.0,200.0,100801,0.9980198215859248,3.0,0.2752967064089679,6.808727478301847e-15,0.5973708319447804,5.555277408998331,11.190331819472988,0.3572961813118749,1001,7.730530691002059
