sigma,case,experiment,group,d,family,method,target_scalar_ratio,width,mlp_depth,stored_scalars,formula_scalars,scalar_ratio_to_formula,formula_L,beta_mode,cv_folds,final_refit_n,optimizer_updates,completed_runs,test_mse_mean,test_mse_std,train_noisy_mse_mean,train_noisy_mse_std,train_clean_mse_mean,train_clean_mse_std,empirical_lipschitz_mean,empirical_lipschitz_std,lipschitz_bound_mean,lipschitz_bound_std,training_seconds_mean,training_seconds_std,beta_selected_mean,beta_selected_std,cv_validation_mse_mean,cv_validation_mse_std,final_average_count_mean_mean,final_average_count_mean_std,clean_test_variance_mean,clean_test_variance_std,mse_percent_of_formula,mse_percent_of_constant,observed_comparison
0.1,voronoi_K64_d100,64 signed Voronoi tents,Hard,100,formula,Formula,1.0,,,101001,101001,1.0,1.0,cv,5,1000,0,2,0.04845642030965904,2.1961570530351036e-05,0.05796816450245481,0.0020474744494834536,0.04866990419103456,0.0018493264392463887,0.009748102384754535,0.009845404462027516,1.0,0.0,0.4089685045000806,0.011971655097163048,8.164965809277259,0.6415002990995845,0.059267346139972296,0.0036209847823167806,510.048,461.61910574845143,0.04841201802770938,5.0418213557676525e-05,100.0,99.96880408731661,Reference
0.1,voronoi_K64_d100,64 signed Voronoi tents,Hard,100,unconstrained,ReLU MLP,1.0,200.0,3.0,100801,101001,0.9980198215859248,1.0,cv,5,1000,1001,2,0.058977562920003515,0.0004249806901425152,8.492291419955763e-16,2.5661596874337347e-17,0.00947405350790909,0.0001981797312865885,0.10408530601335883,0.006452951431684403,4.4479337088287885,0.41491704797792134,8.935189064497536,0.023356877544738436,8.164965809277259,0.6415002990995845,0.059267346139972296,0.0036209847823167806,510.048,461.61910574845143,0.04841201802770938,5.0418213557676525e-05,121.71258739937758,121.67461804688777,Formula win
0.1,voronoi_K64_d100,64 signed Voronoi tents,Hard,100,spectral,Spectral MLP,1.0,200.0,3.0,100801,101001,0.9980198215859248,1.0,cv,5,1000,1001,2,0.056411327269228206,0.00037133771152136815,6.141117714319641e-07,8.684845715408803e-07,0.009472683024781846,0.0001962459409801189,0.10497321687451705,0.009960866328362928,0.9999989846745987,2.2425159324128885e-08,9.407231768000202,0.16263946982418023,8.164965809277259,0.6415002990995845,0.059267346139972296,0.0036209847823167806,510.048,461.61910574845143,0.04841201802770938,5.0418213557676525e-05,116.41662117988413,116.3803039523919,Formula win
0.1,voronoi_K64_d100,64 signed Voronoi tents,Hard,100,orthogonal,Orthogonal MLP,1.0,200.0,3.0,100801,101001,0.9980198215859248,1.0,cv,5,1000,1001,2,0.05263296001465842,0.0004208354735452225,3.8758682131189276e-13,1.746287194357213e-14,0.009474006680853719,0.0001981778569466485,0.08856923733536501,0.0028159262870119206,0.9999990126140986,1.2396789358860474e-08,43.28519399400102,0.5031776889512947,8.164965809277259,0.6415002990995845,0.059267346139972296,0.0036209847823167806,510.048,461.61910574845143,0.04841201802770938,5.0418213557676525e-05,108.61916682724261,108.58528208680174,Near tie
0.1,voronoi_K64_d100,64 signed Voronoi tents,Hard,100,constant,Training-mean constant,,,,1,101001,9.900892070375541e-06,1.0,cv,5,1000,0,2,0.048471541449405894,3.2403212083878116e-05,0.05932058107312908,0.003792040166679842,0.04995459212360655,0.0034231918799738797,0.0,0.0,0.0,0.0,0.0,0.0,8.164965809277259,0.6415002990995845,0.059267346139972296,0.0036209847823167806,510.048,461.61910574845143,0.04841201802770938,5.0418213557676525e-05,100.03120564756996,99.99999999999999,Reference
0.1,folds_T1_d100,Folding: 1 layer,Tied,100,formula,Formula,1.0,,,101001,101001,1.0,1.0,cv,5,1000,0,2,0.12012699703267299,0.003817458679953923,0.12634133406966647,0.004146925132760689,0.11847663509299616,0.000885526214661246,0.010429714631221897,0.013043827957237663,1.0,0.0,0.39624618050038407,0.0024019618334340173,8.467371950361603,1.0691671651659738,0.12813897394512663,0.006412934497098355,587.061,567.0586263183023,0.11995726076464659,0.003582751384873505,100.0,100.11894400113111,Reference
0.1,folds_T1_d100,Folding: 1 layer,Tied,100,unconstrained,ReLU MLP,1.0,200.0,3.0,100801,101001,0.9980198215859248,1.0,cv,5,1000,1001,2,0.14235868289524592,0.013103624302457767,1.1319819921363673e-12,1.596650278981791e-12,0.009474061680142578,0.0001981914172186168,0.15791842518244265,0.016852903168219923,6.592280184398112,0.10318515889548274,8.881453528001657,0.11317852003396053,8.467371950361603,1.0691671651659738,0.12813897394512663,0.006412934497098355,587.061,567.0586263183023,0.11995726076464659,0.003582751384873505,118.50681895970996,118.64777571179384,Formula win
0.1,folds_T1_d100,Folding: 1 layer,Tied,100,spectral,Spectral MLP,1.0,200.0,3.0,100801,101001,0.9980198215859248,1.0,cv,5,1000,1001,2,0.12443367315434602,0.0063485338021826996,1.7202490886160683e-12,1.7761511388150981e-12,0.009474024611194176,0.0001982062193357191,0.12332778737080755,0.005779732970070648,0.9999990021788064,3.342135861736309e-08,9.248921921500369,0.2003038752679609,8.467371950361603,1.0691671651659738,0.12813897394512663,0.006412934497098355,587.061,567.0586263183023,0.11995726076464659,0.003582751384873505,103.58510262310284,103.70831088873854,Near tie
0.1,folds_T1_d100,Folding: 1 layer,Tied,100,orthogonal,Orthogonal MLP,1.0,200.0,3.0,100801,101001,0.9980198215859248,1.0,cv,5,1000,1001,2,0.1257764496105771,0.005090438546668414,0.00016682828491068263,0.00023593082204345436,0.00969368583751146,0.00011247729741508879,0.11887352568943459,0.00528463205919989,0.9999989917930441,3.028132411485308e-08,42.346456208000745,0.3067003439509544,8.467371950361603,1.0691671651659738,0.12813897394512663,0.006412934497098355,587.061,567.0586263183023,0.11995726076464659,0.003582751384873505,104.70290002868177,104.8274378472762,Near tie
0.1,folds_T1_d100,Folding: 1 layer,Tied,100,constant,Training-mean constant,,,,1,101001,9.900892070375541e-06,1.0,cv,5,1000,0,2,0.11998428292583252,0.0036179366671898173,0.12803285046973895,0.006630647276343692,0.12011318013007535,0.0032840903673196998,0.0,0.0,0.0,0.0,0.0,0.0,8.467371950361603,1.0691671651659738,0.12813897394512663,0.006412934497098355,587.061,567.0586263183023,0.11995726076464659,0.003582751384873505,99.88119730754474,100.0,Reference
0.1,folds_T4_d100,Folding: 4 layers,Tied,100,formula,Formula,1.0,,,101001,101001,1.0,1.0,cv,5,1000,0,2,0.04225037099249561,0.0027802700311630856,0.05076223758540373,0.004958972843335666,0.04067816489555899,0.0033206163911138294,0.004037175924007319,0.004741380868302497,1.0,0.0,0.4015962520006724,0.023795278801487654,8.618575020903775,0.8553337321327785,0.0506806415885735,0.00475824017956251,689.155,421.790609191338,0.04217817535706662,0.0026689051229389525,100.0,100.13276561652134,Reference
0.1,folds_T4_d100,Folding: 4 layers,Tied,100,unconstrained,ReLU MLP,1.0,200.0,3.0,100801,101001,0.9980198215859248,1.0,cv,5,1000,1001,2,0.05436037428197377,0.002612016645243472,9.501553419303694e-08,1.3437225547232323e-07,0.00947970593437503,0.0001901859050993084,0.10809082092216887,0.008840318017764526,4.243376740397337,0.4391983360000907,8.813424730999031,0.16336100016565688,8.618575020903775,0.8553337321327785,0.0506806415885735,0.00475824017956251,689.155,421.790609191338,0.04217817535706662,0.0026689051229389525,128.66247799724434,128.83329752938903,Formula win
0.1,folds_T4_d100,Folding: 4 layers,Tied,100,spectral,Spectral MLP,1.0,200.0,3.0,100801,101001,0.9980198215859248,1.0,cv,5,1000,1001,2,0.05198238079491552,0.0021991487701286012,1.566690458157955e-05,2.2146551121593936e-05,0.009397065229995387,0.00030808443362237615,0.09908068113577527,0.00036385269088621885,0.9999989763663751,1.771032718835954e-08,9.477435961498486,0.2014485312420552,8.618575020903775,0.8553337321327785,0.0506806415885735,0.00475824017956251,689.155,421.790609191338,0.04217817535706662,0.0026689051229389525,123.03414046742567,123.197487502549,Formula win
0.1,folds_T4_d100,Folding: 4 layers,Tied,100,orthogonal,Orthogonal MLP,1.0,200.0,3.0,100801,101001,0.9980198215859248,1.0,cv,5,1000,1001,2,0.049026445439184385,0.002643857186786873,1.3135908740548003e-12,7.519278506252841e-13,0.009473999784397686,0.00019818518851672228,0.08127668617685213,0.0032309180946145863,0.9999989954373874,3.506545243829567e-08,42.94783104350063,0.8067000029934785,8.618575020903775,0.8553337321327785,0.0506806415885735,0.00475824017956251,689.155,421.790609191338,0.04217817535706662,0.0026689051229389525,116.03790520062492,116.191963640863,Formula win
0.1,folds_T4_d100,Folding: 4 layers,Tied,100,constant,Training-mean constant,,,,1,101001,9.900892070375541e-06,1.0,cv,5,1000,0,2,0.04219435140171993,0.0026907516714699082,0.050750268349952214,0.00493925588619421,0.04067679347247273,0.0033053219199551094,0.0,0.0,0.0,0.0,0.0,0.0,8.618575020903775,0.8553337321327785,0.0506806415885735,0.00475824017956251,689.155,421.790609191338,0.04217817535706662,0.0026689051229389525,99.86741041685615,99.99999999999999,Reference
0.2,voronoi_K64_d100,64 signed Voronoi tents,Hard,100,formula,Formula,1.0,,,101001,101001,1.0,1.0,cv,5,1000,0,2,0.04843375353684984,9.265830451763373e-05,0.08613512400458848,0.0025254412781143677,0.048819227641735574,0.0018970568864741695,0.009690732644538139,0.009498483591634941,1.0,0.0,0.34427956150102546,0.001010425186594207,8.164965809277259,0.6415002990995845,0.08756672260505352,0.004312601129912962,510.048,461.61910574845143,0.04841201802770938,5.0418213557676525e-05,100.0,99.97745487901338,Reference
0.2,voronoi_K64_d100,64 signed Voronoi tents,Hard,100,unconstrained,ReLU MLP,1.0,200.0,3.0,100801,101001,0.9980198215859248,1.0,cv,5,1000,1001,2,0.06945299067157715,0.0026478780672411313,0.0007903745440869291,0.0011177583996009816,0.03850239984818949,6.45578514760568e-05,0.1260015798973422,0.015144452458861047,5.556658655458499,0.2990933388194934,7.893616483999722,0.11912283298563518,8.164965809277259,0.6415002990995845,0.08756672260505352,0.004312601129912962,510.048,461.61910574845143,0.04841201802770938,5.0418213557676525e-05,143.39791075398531,143.36558152151358,Formula win
0.2,voronoi_K64_d100,64 signed Voronoi tents,Hard,100,spectral,Spectral MLP,1.0,200.0,3.0,100801,101001,0.9980198215859248,1.0,cv,5,1000,1001,2,0.06256763580191477,0.00015983088148684559,5.36570634294664e-05,7.579359577373424e-05,0.0372359133190132,0.0016892878021110421,0.12148729920574425,0.015451912134341076,0.9999989245408509,1.535772282582375e-07,9.768951863001348,0.32948030792432487,8.164965809277259,0.6415002990995845,0.08756672260505352,0.004312601129912962,510.048,461.61910574845143,0.04841201802770938,5.0418213557676525e-05,129.18188501395304,129.15276080168385,Formula win
0.2,voronoi_K64_d100,64 signed Voronoi tents,Hard,100,orthogonal,Orthogonal MLP,1.0,200.0,3.0,100801,101001,0.9980198215859248,1.0,cv,5,1000,1001,2,0.05758320058828686,0.00018031499048497715,5.603030155054146e-13,9.234694001760681e-14,0.037896026204121774,0.0007927054634131554,0.10431221196908647,0.006060928963234996,0.9999990010520861,1.3934551729708999e-09,43.65255269549925,0.6383838021495146,8.164965809277259,0.6415002990995845,0.08756672260505352,0.004312601129912962,510.048,461.61910574845143,0.04841201802770938,5.0418213557676525e-05,118.89064213137196,118.86383809226169,Formula win
0.2,voronoi_K64_d100,64 signed Voronoi tents,Hard,100,constant,Training-mean constant,,,,1,101001,9.900892070375541e-06,1.0,cv,5,1000,0,2,0.04844467544754106,8.859205177000654e-05,0.08761555525749931,0.004583186188657312,0.05001195712051698,0.0033453766027930197,0.0,0.0,0.0,0.0,0.0,0.0,8.164965809277259,0.6415002990995845,0.08756672260505352,0.004312601129912962,510.048,461.61910574845143,0.04841201802770938,5.0418213557676525e-05,100.0225502049576,100.0,Reference
0.2,folds_T1_d100,Folding: 1 layer,Tied,100,formula,Formula,1.0,,,101001,101001,1.0,1.0,cv,5,1000,0,2,0.1201840165450807,0.003891460956726809,0.15308397147160369,0.006905615739177597,0.11861995884314741,0.0010781938199240445,0.011220404417484417,0.013955663645621945,1.0,0.0,0.33517007600130455,0.01041220109444726,8.467371950361603,1.0691671651659738,0.15502282139156698,0.009404188209790115,587.061,567.0586263183023,0.11995726076464659,0.003582751384873505,100.0,100.18623964931166,Reference
0.2,folds_T1_d100,Folding: 1 layer,Tied,100,unconstrained,ReLU MLP,1.0,200.0,3.0,100801,101001,0.9980198215859248,1.0,cv,5,1000,1001,2,0.15408611706632566,0.015545840995870778,5.310030483294367e-13,7.463705816094665e-13,0.037896193106590675,0.000792691049813067,0.1736808722531999,0.016396590734164284,7.172306858002269,0.30263105109833516,7.814418152500366,0.045069588282753634,8.467371950361603,1.0691671651659738,0.15502282139156698,0.009404188209790115,587.061,567.0586263183023,0.11995726076464659,0.003582751384873505,128.20849352170583,128.44726857042843,Formula win
0.2,folds_T1_d100,Folding: 1 layer,Tied,100,spectral,Spectral MLP,1.0,200.0,3.0,100801,101001,0.9980198215859248,1.0,cv,5,1000,1001,2,0.12952531720800822,0.0071678566431596985,8.610939177085012e-08,1.2170787430549917e-07,0.03786953385256703,0.0008294187335130747,0.136519816196716,0.0020773424721871278,0.9999990174442188,7.200232131546493e-09,10.67055900450032,0.2372855033530602,8.467371950361603,1.0691671651659738,0.15502282139156698,0.009404188209790115,587.061,567.0586263183023,0.11995726076464659,0.003582751384873505,107.77249831671554,107.973213439635,Near tie
0.2,folds_T1_d100,Folding: 1 layer,Tied,100,orthogonal,Orthogonal MLP,1.0,200.0,3.0,100801,101001,0.9980198215859248,1.0,cv,5,1000,1001,2,0.12783140303884855,0.00548454306503933,1.639156578852999e-08,2.3179630383056202e-08,0.03789702016104925,0.0007941365895256248,0.1278119923991085,0.00041920206138378144,0.9999990038840256,3.071104656659676e-08,42.89228866350095,0.34324579392523835,8.467371950361603,1.0691671651659738,0.15502282139156698,0.009404188209790115,587.061,567.0586263183023,0.11995726076464659,0.003582751384873505,106.36306450192512,106.56115470025064,Near tie
0.2,folds_T1_d100,Folding: 1 layer,Tied,100,constant,Training-mean constant,,,,1,101001,9.900892070375541e-06,1.0,cv,5,1000,0,2,0.11996060233997058,0.0035796862487980337,0.15488150604425022,0.0095549064500962,0.1201705451269858,0.00336190564450056,0.0,0.0,0.0,0.0,0.0,0.0,8.467371950361603,1.0691671651659738,0.15502282139156698,0.009404188209790115,587.061,567.0586263183023,0.11995726076464659,0.003582751384873505,99.81410655798285,100.0,Reference
0.2,folds_T4_d100,Folding: 4 layers,Tied,100,formula,Formula,1.0,,,101001,101001,1.0,1.0,cv,5,1000,0,2,0.04229449782040559,0.0027779449720898284,0.0798236147729183,0.007096531524497012,0.04077850486486768,0.0033100969883938305,0.00464395213648974,0.00549969551538002,1.0,0.0,0.3394052185012697,0.00982461444850694,8.618575020903775,0.8553337321327785,0.07970439230698394,0.006733452150074637,689.155,421.790609191338,0.04217817535706662,0.0026689051229389525,100.0,100.19133488879687,Reference
0.2,folds_T4_d100,Folding: 4 layers,Tied,100,unconstrained,ReLU MLP,1.0,200.0,3.0,100801,101001,0.9980198215859248,1.0,cv,5,1000,1001,2,0.06687121524143799,0.004391816686562699,2.613604661758484e-15,5.516342364990465e-16,0.03789621421722317,0.0007927188671137055,0.1276056188839228,0.014982210256018466,5.274699505190603,0.014020483012614568,7.749104477999936,0.21324996734713492,8.618575020903775,0.8553337321327785,0.07970439230698394,0.006733452150074637,689.155,421.790609191338,0.04217817535706662,0.0026689051229389525,158.1085452897256,158.41106209903407,Formula win
0.2,folds_T4_d100,Folding: 4 layers,Tied,100,spectral,Spectral MLP,1.0,200.0,3.0,100801,101001,0.9980198215859248,1.0,cv,5,1000,1001,2,0.05893879065657233,0.0022968083959054994,5.341089892194709e-07,7.553436225922135e-07,0.0379236067221075,0.00075385497645184,0.11273455917745674,0.006216057792291258,0.9999989973222806,1.677364912281102e-08,9.863648040500266,0.5586008676614899,8.618575020903775,0.8553337321327785,0.07970439230698394,0.006733452150074637,689.155,421.790609191338,0.04217817535706662,0.0026689051229389525,139.35332890543614,139.6199604423321,Formula win
0.2,folds_T4_d100,Folding: 4 layers,Tied,100,orthogonal,Orthogonal MLP,1.0,200.0,3.0,100801,101001,0.9980198215859248,1.0,cv,5,1000,1001,2,0.05301328863131927,0.003618343436877778,1.7691930208093532e-12,8.605250011111978e-13,0.03789600637259955,0.0007927278548397103,0.09375394253768793,5.521067779091363e-05,0.9999989825509236,1.939360227407547e-08,42.69422118750117,0.5694107597507229,8.618575020903775,0.8553337321327785,0.07970439230698394,0.006733452150074637,689.155,421.790609191338,0.04217817535706662,0.0026689051229389525,125.3432275196379,125.583052844627,Formula win
0.2,folds_T4_d100,Folding: 4 layers,Tied,100,constant,Training-mean constant,,,,1,101001,9.900892070375541e-06,1.0,cv,5,1000,0,2,0.04221372823043887,0.0026504010004197967,0.07975272846227938,0.006995487587704824,0.040734158469383164,0.0032275066427742494,0.0,0.0,0.0,0.0,0.0,0.0,8.618575020903775,0.8553337321327785,0.07970439230698394,0.006733452150074637,689.155,421.790609191338,0.04217817535706662,0.0026689051229389525,99.80903050247885,100.0,Reference
0.8,voronoi_K64_d100,64 signed Voronoi tents,Hard,100,formula,Formula,1.0,,,101001,101001,1.0,1.0,cv,5,1000,0,2,0.04950512061703042,5.0090848784603186e-05,0.6498425165728721,0.01146321845379267,0.05178459203107235,0.002713919820740608,0.02044177298961204,0.02260399674390991,1.0,0.0,0.3734195835004357,0.005311700581030434,8.31616887981943,0.8553337321327785,0.6553111023532281,0.017677188701176048,564.9,539.1915480717405,0.04841201802770938,5.0418213557676525e-05,99.99999999999999,100.85263863125755,Reference
0.8,voronoi_K64_d100,64 signed Voronoi tents,Hard,100,unconstrained,ReLU MLP,1.0,200.0,3.0,100801,101001,0.9980198215859248,1.0,cv,5,1000,1001,2,0.2750860882818445,0.00029785901185955927,6.696460030772731e-15,1.5877014690868548e-16,0.6063394224053484,0.012683502264705424,0.38398106202088267,0.03773812020898691,11.632775299235092,0.6257095696631156,7.641956831001153,0.12526235408501746,8.31616887981943,0.8553337321327785,0.6553111023532281,0.017677188701176048,564.9,539.1915480717405,0.04841201802770938,5.0418213557676525e-05,555.6719887825326,560.4098628219697,Formula win
0.8,voronoi_K64_d100,64 signed Voronoi tents,Hard,100,spectral,Spectral MLP,1.0,200.0,3.0,100801,101001,0.9980198215859248,1.0,cv,5,1000,1001,2,0.11342394862096823,0.002139633040078461,0.1268995151776334,0.005626288835123318,0.22341171159746187,0.0028738108396487985,0.21780833077601147,0.01531812570312656,0.9999989891620802,4.2515113304555196e-08,9.04366362700057,0.683264701818596,8.31616887981943,0.8553337321327785,0.6553111023532281,0.017677188701176048,564.9,539.1915480717405,0.04841201802770938,5.0418213557676525e-05,229.11558886687953,231.06911688779178,Formula win
0.8,voronoi_K64_d100,64 signed Voronoi tents,Hard,100,orthogonal,Orthogonal MLP,1.0,200.0,3.0,100801,101001,0.9980198215859248,1.0,cv,5,1000,1001,2,0.11185436042626254,0.003716778855470323,0.005936543403550433,0.0012825959856108719,0.5056282235169665,0.0016694074207243724,0.22242288682169836,0.028839482868403356,0.9999990091779292,8.071174586594939e-09,42.2939864154996,0.32935077373734395,8.31616887981943,0.8553337321327785,0.6553111023532281,0.017677188701176048,564.9,539.1915480717405,0.04841201802770938,5.0418213557676525e-05,225.94503160907996,227.8715262339861,Formula win
0.8,voronoi_K64_d100,64 signed Voronoi tents,Hard,100,constant,Training-mean constant,,,,1,101001,9.900892070375541e-06,1.0,cv,5,1000,0,2,0.04908658939309809,0.0006636887906452619,0.6544925353171489,0.018743021701489886,0.05115925705872558,0.0017890710591758016,0.0,0.0,0.0,0.0,0.0,0.0,8.31616887981943,0.8553337321327785,0.6553111023532281,0.017677188701176048,564.9,539.1915480717405,0.04841201802770938,5.0418213557676525e-05,99.15456983294703,100.0,Reference
0.8,folds_T1_d100,Folding: 1 layer,Tied,100,formula,Formula,1.0,,,101001,101001,1.0,1.0,cv,5,1000,0,2,0.12057984439187927,0.004498383022135742,0.713304627845871,0.01736808529953081,0.12167231854051322,0.00441895448706887,0.0038525661653914115,0.0054483513210362424,1.0,0.0,0.3496432209994964,0.022880439600968288,9.37459037361463,1.0691671651659724,0.7138409169682453,0.018107206066506336,919.1,114.39290663323496,0.11995726076464659,0.003582751384873505,100.0,99.96535912332826,Reference
0.8,folds_T1_d100,Folding: 1 layer,Tied,100,unconstrained,ReLU MLP,1.0,200.0,3.0,100801,101001,0.9980198215859248,1.0,cv,5,1000,1001,2,0.3501299226158565,0.004607694118262431,1.5932150415150464e-14,9.284917823945671e-15,0.6063394333861729,0.012683511480416807,0.38339388041784894,0.019822392394031857,13.126302032152669,0.1272157686500543,7.801412378499663,0.07067443536243827,9.37459037361463,1.0691671651659724,0.7138409169682453,0.018107206066506336,919.1,114.39290663323496,0.11995726076464659,0.003582751384873505,290.37184811580073,290.27126076200545,Formula win
0.8,folds_T1_d100,Folding: 1 layer,Tied,100,spectral,Spectral MLP,1.0,200.0,3.0,100801,101001,0.9980198215859248,1.0,cv,5,1000,1001,2,0.17403402292014536,0.007419714710439299,0.16460405899593003,0.004927544977903852,0.21883869707787942,0.013005461391905565,0.21225123107991828,0.010356269273541361,0.9999989655661689,6.261215271972443e-08,9.218812985000113,0.3762768864356087,9.37459037361463,1.0691671651659724,0.7138409169682453,0.018107206066506336,919.1,114.39290663323496,0.11995726076464659,0.003582751384873505,144.33094004877162,144.28094254583016,Formula win
0.8,folds_T1_d100,Folding: 1 layer,Tied,100,orthogonal,Orthogonal MLP,1.0,200.0,3.0,100801,101001,0.9980198215859248,1.0,cv,5,1000,1001,2,0.17155477532989521,0.012546312385896454,0.011299694135706473,0.0008990087482629626,0.47807738005783806,0.017751785189932957,0.21812838843729015,0.0009947051869517534,0.99999898687485,2.8207900365291484e-09,42.17576426599953,0.7569129122203604,9.37459037361463,1.0691671651659724,0.7138409169682453,0.018107206066506336,919.1,114.39290663323496,0.11995726076464659,0.003582751384873505,142.27483556235953,142.22555031203743,Formula win
0.8,folds_T1_d100,Folding: 1 layer,Tied,100,constant,Training-mean constant,,,,1,101001,9.900892070375541e-06,1.0,cv,5,1000,0,2,0.12062162878154493,0.004439597618979429,0.7130805744447462,0.017687502111643553,0.12131784506519441,0.0049182111881177675,0.0,0.0,0.0,0.0,0.0,0.0,9.37459037361463,1.0691671651659724,0.7138409169682453,0.018107206066506336,919.1,114.39290663323496,0.11995726076464659,0.003582751384873505,100.03465288073343,100.0,Reference
0.8,folds_T4_d100,Folding: 4 layers,Tied,100,formula,Formula,1.0,,,101001,101001,1.0,1.0,cv,5,1000,0,2,0.04352200566630632,0.0018691027402692702,0.6517973386183173,0.030051226073491713,0.042580273060689,0.0026572873460744277,0.012244332420037835,0.017316100970622087,1.0,0.0,0.406838010499996,0.006689226613717287,9.072184232530288,1.4968340312323618,0.6516792937322753,0.02776800207647253,695.446,430.6874267122272,0.04217817535706662,0.0026689051229389525,100.0,100.90164285522293,Reference
0.8,folds_T4_d100,Folding: 4 layers,Tied,100,unconstrained,ReLU MLP,1.0,200.0,3.0,100801,101001,0.9980198215859248,1.0,cv,5,1000,1001,2,0.296302857266449,0.009029736185535129,3.3164113556696726e-08,4.690054015454027e-08,0.6062837413992257,0.012761731010615944,0.4014625388845431,0.032819029859582745,13.126536500346226,1.8214222061975724,7.676984134001032,0.16889383778788727,9.072184232530288,1.4968340312323618,0.6516792937322753,0.02776800207647253,695.446,430.6874267122272,0.04217817535706662,0.0026689051229389525,680.8115865299826,686.9500755574601,Formula win
0.8,folds_T4_d100,Folding: 4 layers,Tied,100,spectral,Spectral MLP,1.0,200.0,3.0,100801,101001,0.9980198215859248,1.0,cv,5,1000,1001,2,0.10893245331239654,0.003218552523905785,0.14511655610141405,0.0009132247687528224,0.2041931249347859,0.008074751118640911,0.19900837175598451,0.029450086269270353,0.9999989487309628,7.120609500725711e-08,9.199059345999558,0.06485298291799038,9.072184232530288,1.4968340312323618,0.6516792937322753,0.02776800207647253,695.446,430.6874267122272,0.04217817535706662,0.0026689051229389525,250.2928154267702,252.549562714202,Formula win
0.8,folds_T4_d100,Folding: 4 layers,Tied,100,orthogonal,Orthogonal MLP,1.0,200.0,3.0,100801,101001,0.9980198215859248,1.0,cv,5,1000,1001,2,0.10749049475607779,0.0002593706904799123,0.006651647530447051,0.0013225134786655009,0.5003610711949268,0.0014282712085959199,0.2107744807200792,0.03748306440465272,0.9999990035571924,3.679339712548889e-08,42.19115975499881,0.781946569753809,9.072184232530288,1.4968340312323618,0.6516792937322753,0.02776800207647253,695.446,430.6874267122272,0.04217817535706662,0.0026689051229389525,246.97964422925094,249.206518545299,Formula win
0.8,folds_T4_d100,Folding: 4 layers,Tied,100,constant,Training-mean constant,,,,1,101001,9.900892070375541e-06,1.0,cv,5,1000,0,2,0.04313309915949848,0.0013188830935871084,0.6508746240896706,0.02874583717773608,0.04188145840759177,0.0016712010991570313,0.0,0.0,0.0,0.0,0.0,0.0,9.072184232530288,1.4968340312323618,0.6516792937322753,0.02776800207647253,695.446,430.6874267122272,0.04217817535706662,0.0026689051229389525,99.10641409821578,100.0,Reference
