omega,mlp_mse_mean,mlp_mse_std,uf_mse_mean,uf_mse_std,beta_star_mean,beta_star_std
1,0.0001177715532698917,4.62525942008516e-05,0.0001957303562581394,0.00012242522646794702,0.09631809599014199,0.05786480168246598
2,0.00013303866091653616,4.841807335330048e-05,0.00022779335206695519,0.00015433763753682105,0.08165526066949105,0.05608464340018875
3,0.0001393274973094223,5.235146883777701e-05,0.00024083348338771893,6.37793057833004e-05,0.035455621373166823,0.012888034616823196
4,0.0002384535110824877,0.00018525946572884,0.0002968751481670175,0.00011773217779102102,0.03500707903338616,0.016762087676258464
5,0.00029577404422395767,0.00014878621425066398,0.00031536953656232465,9.791769675757368e-05,0.04077761402240729,0.018404927082263146
6,0.00031550075762321327,0.00019080578202267928,0.0003341660648410172,3.928568186971086e-05,0.02628422579322961,0.005989645700550892
8,0.000426069569338228,0.0001768378747920805,0.0003939171485731445,5.3517296082334854e-05,0.02695678227002829,0.009053805757987986
10,0.0006124253006020489,0.00044325321392410803,0.0006041809404392723,0.00012456930711269998,0.019029923812648807,0.005356031096618869
12,0.001132838534324609,0.0012281655484985552,0.0007394856352307501,0.00013917651898014572,0.015053632338760137,0.005943099182091419
