seed,N_train,method,mlp_width,mlp_depth,mlp_lr,mlp_epochs,train_mse,test_mse_vs_f,max_error_vs_f,mse_vs_closed_form,max_error_vs_closed_form,L_hat,L_used
0,50,Closed-form,,,,,0.0,0.0008197245438360702,0.12638498315359592,0.0,0.0,5.17910789701378,5.697018686715158
0,50,ReLU MLP (W=64),64.0,3.0,0.001,5000.0,5.927681886702695e-05,7.683191579825838e-05,0.02102335332632388,0.0008600707846535621,0.12113740115612326,5.17910789701378,5.697018686715158
1,50,Closed-form,,,,,0.0,0.0007850970930295205,0.11812551530050902,0.0,0.0,5.048200239480584,5.553020263428643
1,50,ReLU MLP (W=64),64.0,3.0,0.001,5000.0,1.0085247091637754e-06,7.077449237741226e-05,0.04416251304748753,0.0008705121148548218,0.1193639499564021,5.048200239480584,5.553020263428643
2,50,Closed-form,,,,,0.0,0.00040215686656781396,0.07792963268749642,0.0,0.0,5.154123141507491,5.669535455658241
2,50,ReLU MLP (W=64),64.0,3.0,0.001,5000.0,6.670370419750095e-06,7.635435216586837e-05,0.062283323437006155,0.0005503061399471048,0.12161568564579639,5.154123141507491,5.669535455658241
3,50,Closed-form,,,,,0.0,0.0005567447081062733,0.12209438509797754,0.0,0.0,5.085143195833207,5.5936575154165284
3,50,ReLU MLP (W=64),64.0,3.0,0.001,5000.0,1.9666585258851522e-05,5.749255994301228e-05,0.034737468987734,0.0006548690501785063,0.12510564394026835,5.085143195833207,5.5936575154165284
4,50,Closed-form,,,,,0.0,0.0010102028131286974,0.1204628524862909,0.0,0.0,5.204483046878864,5.724931351566751
4,50,ReLU MLP (W=64),64.0,3.0,0.001,5000.0,2.405475800052563e-06,4.48383528994383e-05,0.03148347261551121,0.0010704404357393385,0.12598717722108704,5.204483046878864,5.724931351566751
5,50,Closed-form,,,,,0.0,0.0015474160055948616,0.17371058769576891,0.0,0.0,5.126594733963088,5.639254207359397
5,50,ReLU MLP (W=64),64.0,3.0,0.001,5000.0,8.238096805858896e-05,0.00016086901015084957,0.04456006362094883,0.001446432650609626,0.15188956062995362,5.126594733963088,5.639254207359397
6,50,Closed-form,,,,,0.0,0.0009810856756678774,0.1500510811303853,0.0,0.0,5.196013863682955,5.715615250051251
6,50,ReLU MLP (W=64),64.0,3.0,0.001,5000.0,5.42543174023842e-06,3.60278790459217e-05,0.031804547935754934,0.0009618055974868769,0.14201462423427647,5.196013863682955,5.715615250051251
7,50,Closed-form,,,,,0.0,0.0007576856912928929,0.0984043290520259,0.0,0.0,5.002536653088868,5.502790318397755
7,50,ReLU MLP (W=64),64.0,3.0,0.001,5000.0,0.0003145419881734243,0.0003818039254939127,0.03682937926481389,0.0012416112573511314,0.11398954576151854,5.002536653088868,5.502790318397755
8,50,Closed-form,,,,,0.0,0.0011659473003596183,0.18335039818764476,0.0,0.0,5.162658027472003,5.678923830219204
8,50,ReLU MLP (W=64),64.0,3.0,0.001,5000.0,1.4110014314611037e-06,2.2079857398548278e-05,0.02908796194198826,0.0010810081912806324,0.17414408687617045,5.162658027472003,5.678923830219204
9,50,Closed-form,,,,,0.0,0.000772016278662046,0.10123058724854533,0.0,0.0,5.121049000822212,5.633153900904434
9,50,ReLU MLP (W=64),64.0,3.0,0.001,5000.0,0.00040180655913310456,0.0004406828399364705,0.03905804276171643,0.0013505431755225896,0.12563196905590535,5.121049000822212,5.633153900904434
10,50,Closed-form,,,,,0.0,0.001560028036160925,0.12520694353261963,0.0,0.0,5.180818400197455,5.698900240217201
10,50,ReLU MLP (W=64),64.0,3.0,0.001,5000.0,0.0005814318569163986,0.0008770609841974088,0.07155871000892522,0.0013845823738612261,0.10107475528845651,5.180818400197455,5.698900240217201
11,50,Closed-form,,,,,0.0,0.0011172194911869954,0.18018914524042318,0.0,0.0,5.194921234874173,5.7144133583615915
11,50,ReLU MLP (W=64),64.0,3.0,0.001,5000.0,1.0129808612007257e-05,0.00026296611759302603,0.07075818326311534,0.000869453033980071,0.11751638087618316,5.194921234874173,5.7144133583615915
12,50,Closed-form,,,,,0.0,0.0008644721793272559,0.11830630141961007,0.0,0.0,5.089496082143716,5.598445690358089
12,50,ReLU MLP (W=64),64.0,3.0,0.001,5000.0,1.5273512958289578e-05,0.00013338189808790983,0.06612616899612633,0.0013558346905642425,0.1844324704157364,5.089496082143716,5.598445690358089
13,50,Closed-form,,,,,0.0,0.0006563137247408938,0.09030092944058069,0.0,0.0,5.001842632786442,5.502026896065087
13,50,ReLU MLP (W=64),64.0,3.0,0.001,5000.0,1.4544847364148487e-06,4.888892633685883e-05,0.029137826836435732,0.0005485106344373978,0.09047518503401339,5.001842632786442,5.502026896065087
14,50,Closed-form,,,,,0.0,0.0006743015276923108,0.10058648048068114,0.0,0.0,5.19793731271246,5.717731043983706
14,50,ReLU MLP (W=64),64.0,3.0,0.001,5000.0,3.618965191077615e-05,8.720893946135486e-05,0.0389811408818076,0.0007771292786376272,0.10230672742456581,5.19793731271246,5.717731043983706
15,50,Closed-form,,,,,0.0,0.0005939283251100953,0.09269915281068175,0.0,0.0,5.2038082445816425,5.724189069039808
15,50,ReLU MLP (W=64),64.0,3.0,0.001,5000.0,9.680493878941678e-07,7.483837699920601e-05,0.04466772519515949,0.0008175541110391024,0.1007198530975506,5.2038082445816425,5.724189069039808
16,50,Closed-form,,,,,0.0,0.003633077032526365,0.2554970598985936,0.0,0.0,5.191693311662452,5.7108626428286975
16,50,ReLU MLP (W=64),64.0,3.0,0.001,5000.0,2.1978576959648905e-06,0.0005039102500475563,0.07708092501086683,0.0024615648822500866,0.22329448755137138,5.191693311662452,5.7108626428286975
17,50,Closed-form,,,,,0.0,0.0008768846171123595,0.1266302612256693,0.0,0.0,5.203774014083037,5.724151415491341
17,50,ReLU MLP (W=64),64.0,3.0,0.001,5000.0,1.1723689442673075e-06,5.556218189320079e-05,0.028616602119241497,0.0008962051947581918,0.11841255319943633,5.203774014083037,5.724151415491341
18,50,Closed-form,,,,,0.0,0.0009369344495830114,0.14466419149970705,0.0,0.0,5.1554300462344,5.670973050857841
18,50,ReLU MLP (W=64),64.0,3.0,0.001,5000.0,2.7995581003201772e-05,0.00011284632680376411,0.04501712762283283,0.0010942806703660487,0.13100063567006764,5.1554300462344,5.670973050857841
19,50,Closed-form,,,,,0.0,0.0017541522688779866,0.21592329692974832,0.0,0.0,5.063868737411146,5.570255611152261
19,50,ReLU MLP (W=64),64.0,3.0,0.001,5000.0,5.304172279836134e-06,0.00013811508445054035,0.07162279012802342,0.0021249093896483088,0.2174700326600435,5.063868737411146,5.570255611152261
0,50,Closed-form,,,,,0.0,0.0008197245438360702,0.12638498315359592,0.0,0.0,5.17910789701378,5.697018686715158
0,50,ReLU MLP (W=128),128.0,3.0,0.001,5000.0,6.76346435211991e-07,2.9788485533911897e-05,0.018441326055365415,0.0007006950513899072,0.11766318293117078,5.17910789701378,5.697018686715158
1,50,Closed-form,,,,,0.0,0.0007850970930295205,0.11812551530050902,0.0,0.0,5.048200239480584,5.553020263428643
1,50,ReLU MLP (W=128),128.0,3.0,0.001,5000.0,3.45804294843542e-06,4.7456718660131934e-05,0.053225637704164774,0.0008118891578107657,0.11305461025175978,5.048200239480584,5.553020263428643
2,50,Closed-form,,,,,0.0,0.00040215686656781396,0.07792963268749642,0.0,0.0,5.154123141507491,5.669535455658241
2,50,ReLU MLP (W=128),128.0,3.0,0.001,5000.0,1.546145734965121e-06,7.184480182217109e-05,0.0661643159687827,0.0005218962316168199,0.09887330991432819,5.154123141507491,5.669535455658241
3,50,Closed-form,,,,,0.0,0.0005567447081062733,0.12209438509797754,0.0,0.0,5.085143195833207,5.5936575154165284
3,50,ReLU MLP (W=128),128.0,3.0,0.001,5000.0,1.5422364654413934e-06,2.827672380212483e-05,0.023317710787088552,0.0005205962214501022,0.10312023229628642,5.085143195833207,5.5936575154165284
4,50,Closed-form,,,,,0.0,0.0010102028131286974,0.1204628524862909,0.0,0.0,5.204483046878864,5.724931351566751
4,50,ReLU MLP (W=128),128.0,3.0,0.001,5000.0,7.635258618399574e-07,3.095291379485818e-05,0.021504896285789443,0.000888054635170515,0.11683545025995118,5.204483046878864,5.724931351566751
5,50,Closed-form,,,,,0.0,0.0015474160055948616,0.17371058769576891,0.0,0.0,5.126594733963088,5.639254207359397
5,50,ReLU MLP (W=128),128.0,3.0,0.001,5000.0,5.389767933828206e-07,8.351988280221087e-05,0.03278966348950085,0.0013526329397838,0.15809780359445325,5.126594733963088,5.639254207359397
6,50,Closed-form,,,,,0.0,0.0009810856756678774,0.1500510811303853,0.0,0.0,5.196013863682955,5.715615250051251
6,50,ReLU MLP (W=128),128.0,3.0,0.001,5000.0,4.331228143836792e-06,3.675627605149983e-05,0.03174950304630486,0.0009132054307139866,0.13736514156683033,5.196013863682955,5.715615250051251
7,50,Closed-form,,,,,0.0,0.0007576856912928929,0.0984043290520259,0.0,0.0,5.002536653088868,5.502790318397755
7,50,ReLU MLP (W=128),128.0,3.0,0.001,5000.0,3.260513638705068e-05,0.0001260645175054607,0.032332054829872114,0.0007119957316614678,0.08919245794353489,5.002536653088868,5.502790318397755
8,50,Closed-form,,,,,0.0,0.0011659473003596183,0.18335039818764476,0.0,0.0,5.162658027472003,5.678923830219204
8,50,ReLU MLP (W=128),128.0,3.0,0.001,5000.0,2.1241936821199577e-06,1.9383855694416658e-05,0.01949177323706519,0.0010941525805124868,0.17549007896448832,5.162658027472003,5.678923830219204
9,50,Closed-form,,,,,0.0,0.000772016278662046,0.10123058724854533,0.0,0.0,5.121049000822212,5.633153900904434
9,50,ReLU MLP (W=128),128.0,3.0,0.001,5000.0,1.4866485506405238e-06,2.610772798201859e-05,0.014556312040851171,0.000784427827330457,0.1040634322974825,5.121049000822212,5.633153900904434
10,50,Closed-form,,,,,0.0,0.001560028036160925,0.12520694353261963,0.0,0.0,5.180818400197455,5.698900240217201
10,50,ReLU MLP (W=128),128.0,3.0,0.001,5000.0,2.1925847962278594e-06,9.851607954721371e-05,0.0498870176375219,0.0013709599665529804,0.13665199978071252,5.180818400197455,5.698900240217201
11,50,Closed-form,,,,,0.0,0.0011172194911869954,0.18018914524042318,0.0,0.0,5.194921234874173,5.7144133583615915
11,50,ReLU MLP (W=128),128.0,3.0,0.001,5000.0,2.2322813914050123e-06,3.0268401597624424e-05,0.03033119562271336,0.0010586050173343115,0.17363878819334472,5.194921234874173,5.7144133583615915
12,50,Closed-form,,,,,0.0,0.0008644721793272559,0.11830630141961007,0.0,0.0,5.089496082143716,5.598445690358089
12,50,ReLU MLP (W=128),128.0,3.0,0.001,5000.0,8.412317889680507e-07,5.0472434575843654e-05,0.05362075689438073,0.001061570829240018,0.1719270583139908,5.089496082143716,5.598445690358089
13,50,Closed-form,,,,,0.0,0.0006563137247408938,0.09030092944058069,0.0,0.0,5.001842632786442,5.502026896065087
13,50,ReLU MLP (W=128),128.0,3.0,0.001,5000.0,3.3615882156239302e-06,2.5468952146124952e-05,0.016502761458266235,0.0006036880373754514,0.08581112903091967,5.001842632786442,5.502026896065087
14,50,Closed-form,,,,,0.0,0.0006743015276923108,0.10058648048068114,0.0,0.0,5.19793731271246,5.717731043983706
14,50,ReLU MLP (W=128),128.0,3.0,0.001,5000.0,4.972103381998236e-07,3.709513994043799e-05,0.035639227658540995,0.0006638569224869886,0.09783240115959169,5.19793731271246,5.717731043983706
15,50,Closed-form,,,,,0.0,0.0005939283251100953,0.09269915281068175,0.0,0.0,5.2038082445816425,5.724189069039808
15,50,ReLU MLP (W=128),128.0,3.0,0.001,5000.0,3.9800335129445515e-06,3.154959631038759e-05,0.04529851797226159,0.0006395813543118019,0.09194026215326734,5.2038082445816425,5.724189069039808
16,50,Closed-form,,,,,0.0,0.003633077032526365,0.2554970598985936,0.0,0.0,5.191693311662452,5.7108626428286975
16,50,ReLU MLP (W=128),128.0,3.0,0.001,5000.0,7.232821398053916e-07,0.00021625368696728497,0.05945704508528782,0.002601098410114924,0.2132713683947698,5.191693311662452,5.7108626428286975
17,50,Closed-form,,,,,0.0,0.0008768846171123595,0.1266302612256693,0.0,0.0,5.203774014083037,5.724151415491341
17,50,ReLU MLP (W=128),128.0,3.0,0.001,5000.0,7.106953880777924e-07,3.0146558428228662e-05,0.022305757974964147,0.0008273544314420259,0.11114055306145454,5.203774014083037,5.724151415491341
18,50,Closed-form,,,,,0.0,0.0009369344495830114,0.14466419149970705,0.0,0.0,5.1554300462344,5.670973050857841
18,50,ReLU MLP (W=128),128.0,3.0,0.001,5000.0,2.9264937601466884e-05,4.7232740673880983e-05,0.037025110155374685,0.0010009071309325286,0.14095878367269216,5.1554300462344,5.670973050857841
19,50,Closed-form,,,,,0.0,0.0017541522688779866,0.21592329692974832,0.0,0.0,5.063868737411146,5.570255611152261
19,50,ReLU MLP (W=128),128.0,3.0,0.001,5000.0,4.944257508121016e-07,4.9763989171588265e-05,0.04967737320068577,0.0017421411612776115,0.21063910195020463,5.063868737411146,5.570255611152261
0,200,Closed-form,,,,,0.0,3.965026085652387e-05,0.03165441412101189,0.0,0.0,5.198762112401221,5.718638323641343
0,200,ReLU MLP (W=64),64.0,3.0,0.001,5000.0,1.5095593832057058e-05,1.4201220127646505e-05,0.031328738957674296,5.2615362809914826e-05,0.030523461877554392,5.198762112401221,5.718638323641343
1,200,Closed-form,,,,,0.0,4.987096471488596e-05,0.043654752278892484,0.0,0.0,5.200352061531939,5.720387267685133
1,200,ReLU MLP (W=64),64.0,3.0,0.001,5000.0,2.3265345272055144e-06,3.658734879542033e-06,0.016117395192415507,5.174141786891563e-05,0.04071315496790151,5.200352061531939,5.720387267685133
2,200,Closed-form,,,,,0.0,3.947847560989673e-05,0.027465843986417493,0.0,0.0,5.200317222143673,5.720348944358041
2,200,ReLU MLP (W=64),64.0,3.0,0.001,5000.0,1.0161159989439753e-05,3.6759423108590486e-05,0.053799809247286,9.660132745298056e-05,0.0812656532337035,5.200317222143673,5.720348944358041
3,200,Closed-form,,,,,0.0,4.9437324594767997e-05,0.04587461339478538,0.0,0.0,5.197224524797576,5.716946977277335
3,200,ReLU MLP (W=64),64.0,3.0,0.001,5000.0,3.735409981610357e-06,5.370222353589989e-06,0.020141528278619925,5.3968152307915204e-05,0.04496134443780864,5.197224524797576,5.716946977277335
4,200,Closed-form,,,,,0.0,8.512718726385336e-05,0.054328716034077074,0.0,0.0,5.205582202954382,5.726140423249821
4,200,ReLU MLP (W=64),64.0,3.0,0.001,5000.0,6.908919437193752e-05,6.474290518883571e-05,0.02279397967460839,0.00014938844494110593,0.0531392120763331,5.205582202954382,5.726140423249821
5,200,Closed-form,,,,,0.0,8.057420730967234e-05,0.049145373227183375,0.0,0.0,5.200155415247178,5.720170956771896
5,200,ReLU MLP (W=64),64.0,3.0,0.001,5000.0,2.565521494054435e-05,2.385897627971836e-05,0.03679025295379845,0.00010877642693217444,0.05188919348234672,5.200155415247178,5.720170956771896
6,200,Closed-form,,,,,0.0,3.881706050172883e-05,0.031201382171364866,0.0,0.0,5.205547825990701,5.7261026085897715
6,200,ReLU MLP (W=64),64.0,3.0,0.001,5000.0,1.8188784673449379e-06,3.7596795773688576e-06,0.013768055766851583,4.008337974616214e-05,0.03113234388938768,5.205547825990701,5.7261026085897715
7,200,Closed-form,,,,,0.0,5.208520726388617e-05,0.03752173039910231,0.0,0.0,5.205725320730724,5.726297852803797
7,200,ReLU MLP (W=64),64.0,3.0,0.001,5000.0,3.2806033317262785e-05,3.249050737599894e-05,0.039639474183351786,8.457594005022214e-05,0.04333120629129414,5.205725320730724,5.726297852803797
8,200,Closed-form,,,,,0.0,5.1951661299716e-05,0.041694216402172635,0.0,0.0,5.190860850194362,5.709946935213798
8,200,ReLU MLP (W=64),64.0,3.0,0.001,5000.0,1.4333968978259257e-06,5.054646805770629e-06,0.02131956937912205,5.862361874643384e-05,0.048678135482102425,5.190860850194362,5.709946935213798
9,200,Closed-form,,,,,0.0,3.991606548563105e-05,0.031581734736175315,0.0,0.0,5.203446908688174,5.723791599556992
9,200,ReLU MLP (W=64),64.0,3.0,0.001,5000.0,5.4168682787433376e-06,9.536104341510199e-06,0.023072214156419912,4.889609737916284e-05,0.03136942733364667,5.203446908688174,5.723791599556992
10,200,Closed-form,,,,,0.0,5.415314248998033e-05,0.0351816346237539,0.0,0.0,5.2073864906047325,5.728125139665206
10,200,ReLU MLP (W=64),64.0,3.0,0.001,5000.0,6.623045889587067e-06,2.325814365123318e-05,0.04196958366039483,8.456317780197218e-05,0.060006152763544374,5.2073864906047325,5.728125139665206
11,200,Closed-form,,,,,0.0,4.576447426891767e-05,0.03415574046717518,0.0,0.0,5.207548707104562,5.728303577815018
11,200,ReLU MLP (W=64),64.0,3.0,0.001,5000.0,2.2384185843212128e-06,1.1780427205452883e-05,0.03452956798675755,5.656291812418173e-05,0.036413281883950654,5.207548707104562,5.728303577815018
12,200,Closed-form,,,,,0.0,4.8765651494242585e-05,0.03715013834056158,0.0,0.0,5.195528741067938,5.715081615174732
12,200,ReLU MLP (W=64),64.0,3.0,0.001,5000.0,5.629400395123347e-05,5.172891647504703e-05,0.04260403040054528,9.738223437265476e-05,0.04766946561862129,5.195528741067938,5.715081615174732
13,200,Closed-form,,,,,0.0,5.53775268929187e-05,0.038234235475030465,0.0,0.0,5.207445075856784,5.728189583442463
13,200,ReLU MLP (W=64),64.0,3.0,0.001,5000.0,4.915209313471567e-06,7.452125340404689e-06,0.01872941973808495,6.161745525554598e-05,0.042277982893354604,5.207445075856784,5.728189583442463
14,200,Closed-form,,,,,0.0,5.027535865890924e-05,0.04099344435209484,0.0,0.0,5.2062338395131995,5.72685722346452
14,200,ReLU MLP (W=64),64.0,3.0,0.001,5000.0,2.9372483884746565e-05,2.9334684926984524e-05,0.03111529472473351,7.743195028390954e-05,0.041495491280192365,5.2062338395131995,5.72685722346452
15,200,Closed-form,,,,,0.0,5.932351627607902e-05,0.04072555407936718,0.0,0.0,5.207480466716713,5.728228513388385
15,200,ReLU MLP (W=64),64.0,3.0,0.001,5000.0,0.00014625897753401833,0.00013803131292580383,0.02707159641388157,0.00019046658454032766,0.04239259471625423,5.207480466716713,5.728228513388385
16,200,Closed-form,,,,,0.0,4.6398811220925055e-05,0.03246095084312495,0.0,0.0,5.207237326020943,5.727961058623038
16,200,ReLU MLP (W=64),64.0,3.0,0.001,5000.0,3.0013486572630378e-06,4.5504348606358044e-06,0.013943673402101675,4.93883881581561e-05,0.03340282739239342,5.207237326020943,5.727961058623038
17,200,Closed-form,,,,,0.0,3.215375455855233e-05,0.022794269085198042,0.0,0.0,5.206007455010525,5.726608200511578
17,200,ReLU MLP (W=64),64.0,3.0,0.001,5000.0,6.342746411306645e-07,1.6782875880782698e-06,0.006647178262502829,3.252198534110112e-05,0.02541800903950763,5.206007455010525,5.726608200511578
18,200,Closed-form,,,,,0.0,4.9036471090895164e-05,0.036475178490184,0.0,0.0,5.202460812911668,5.722706894202835
18,200,ReLU MLP (W=64),64.0,3.0,0.001,5000.0,5.5971273180906244e-06,5.482467980337304e-06,0.016035647422105948,5.451268602887593e-05,0.03768888038608287,5.202460812911668,5.722706894202835
19,200,Closed-form,,,,,0.0,3.444073189630746e-05,0.02857691900524681,0.0,0.0,5.195846444538575,5.715431088992434
19,200,ReLU MLP (W=64),64.0,3.0,0.001,5000.0,2.4030824879167908e-06,7.203862985192164e-06,0.02420735481384495,4.15850797712775e-05,0.02983131666601846,5.195846444538575,5.715431088992434
0,200,Closed-form,,,,,0.0,3.965026085652387e-05,0.03165441412101189,0.0,0.0,5.198762112401221,5.718638323641343
0,200,ReLU MLP (W=128),128.0,3.0,0.001,5000.0,6.559446884018457e-07,8.935453187408929e-07,0.007974149018556864,3.951888626854063e-05,0.02846382064441566,5.198762112401221,5.718638323641343
1,200,Closed-form,,,,,0.0,4.987096471488596e-05,0.043654752278892484,0.0,0.0,5.200352061531939,5.720387267685133
1,200,ReLU MLP (W=128),128.0,3.0,0.001,5000.0,8.775884435660579e-07,1.4158936288495258e-06,0.006260217458040507,4.98239039984404e-05,0.043548905547735495,5.200352061531939,5.720387267685133
2,200,Closed-form,,,,,0.0,3.947847560989673e-05,0.027465843986417493,0.0,0.0,5.200317222143673,5.720348944358041
2,200,ReLU MLP (W=128),128.0,3.0,0.001,5000.0,1.079823463198998e-06,7.703602970754002e-06,0.028973282605440298,5.690574958127895e-05,0.05643912659185779,5.200317222143673,5.720348944358041
3,200,Closed-form,,,,,0.0,4.9437324594767997e-05,0.04587461339478538,0.0,0.0,5.197224524797576,5.716946977277335
3,200,ReLU MLP (W=128),128.0,3.0,0.001,5000.0,2.9060356323253274e-06,3.148954025715122e-06,0.009021641045839579,5.1894296649520854e-05,0.047608386712283735,5.197224524797576,5.716946977277335
4,200,Closed-form,,,,,0.0,8.512718726385336e-05,0.054328716034077074,0.0,0.0,5.205582202954382,5.726140423249821
4,200,ReLU MLP (W=128),128.0,3.0,0.001,5000.0,1.0239511194749592e-06,3.7962514852003814e-06,0.015470863610536845,8.229262413643289e-05,0.0514846036360424,5.205582202954382,5.726140423249821
5,200,Closed-form,,,,,0.0,8.057420730967234e-05,0.049145373227183375,0.0,0.0,5.200155415247178,5.720170956771896
5,200,ReLU MLP (W=128),128.0,3.0,0.001,5000.0,1.3340996506001473e-06,3.328809490428878e-06,0.006510960369722207,7.736839032280576e-05,0.044051821102339295,5.200155415247178,5.720170956771896
6,200,Closed-form,,,,,0.0,3.881706050172883e-05,0.031201382171364866,0.0,0.0,5.205547825990701,5.7261026085897715
6,200,ReLU MLP (W=128),128.0,3.0,0.001,5000.0,8.794645417125773e-07,1.9984878938013855e-06,0.007904173165590556,3.897645760417369e-05,0.030413105681763475,5.205547825990701,5.7261026085897715
7,200,Closed-form,,,,,0.0,5.208520726388617e-05,0.03752173039910231,0.0,0.0,5.205725320730724,5.726297852803797
7,200,ReLU MLP (W=128),128.0,3.0,0.001,5000.0,6.08885097203011e-07,1.7611008499535628e-06,0.007435919076234976,5.2865005761945916e-05,0.039582737236595195,5.205725320730724,5.726297852803797
8,200,Closed-form,,,,,0.0,5.1951661299716e-05,0.041694216402172635,0.0,0.0,5.190860850194362,5.709946935213798
8,200,ReLU MLP (W=128),128.0,3.0,0.001,5000.0,4.5586750120427794e-07,2.6119318041066975e-06,0.017465235024721415,5.4564119223840274e-05,0.042384510842591316,5.190860850194362,5.709946935213798
9,200,Closed-form,,,,,0.0,3.991606548563105e-05,0.031581734736175315,0.0,0.0,5.203446908688174,5.723791599556992
9,200,ReLU MLP (W=128),128.0,3.0,0.001,5000.0,5.543003748389274e-07,1.1729869130637522e-06,0.01085668924453953,3.9978579047857226e-05,0.030210474620633976,5.203446908688174,5.723791599556992
10,200,Closed-form,,,,,0.0,5.415314248998033e-05,0.0351816346237539,0.0,0.0,5.2073864906047325,5.728125139665206
10,200,ReLU MLP (W=128),128.0,3.0,0.001,5000.0,8.255349129751658e-07,4.470162719538703e-06,0.022424222260744253,6.130733707510417e-05,0.0404607913638938,5.2073864906047325,5.728125139665206
11,200,Closed-form,,,,,0.0,4.576447426891767e-05,0.03415574046717518,0.0,0.0,5.207548707104562,5.728303577815018
11,200,ReLU MLP (W=128),128.0,3.0,0.001,5000.0,1.4061712987121917e-06,3.6308291282094025e-06,0.017969311505586893,4.7491843070106514e-05,0.03750619265055222,5.207548707104562,5.728303577815018
12,200,Closed-form,,,,,0.0,4.8765651494242585e-05,0.03715013834056158,0.0,0.0,5.195528741067938,5.715081615174732
12,200,ReLU MLP (W=128),128.0,3.0,0.001,5000.0,8.465870806398332e-07,2.0054168924263745e-06,0.010815696150095144,4.973911958972657e-05,0.036511111702698607,5.195528741067938,5.715081615174732
13,200,Closed-form,,,,,0.0,5.53775268929187e-05,0.038234235475030465,0.0,0.0,5.207445075856784,5.728189583442463
13,200,ReLU MLP (W=128),128.0,3.0,0.001,5000.0,1.319332941273808e-06,2.9410780714571774e-06,0.01257584366205422,5.686419823355072e-05,0.03898554152525158,5.207445075856784,5.728189583442463
14,200,Closed-form,,,,,0.0,5.027535865890924e-05,0.04099344435209484,0.0,0.0,5.2062338395131995,5.72685722346452
14,200,ReLU MLP (W=128),128.0,3.0,0.001,5000.0,5.172779452483896e-07,9.998031888646462e-07,0.007605494290621073,4.8951403499314676e-05,0.04038100363218211,5.2062338395131995,5.72685722346452
15,200,Closed-form,,,,,0.0,5.932351627607902e-05,0.04072555407936718,0.0,0.0,5.207480466716713,5.728228513388385
15,200,ReLU MLP (W=128),128.0,3.0,0.001,5000.0,7.650248418980673e-07,6.542366068692385e-06,0.023155571252138407,6.253234551776951e-05,0.03767584075659847,5.207480466716713,5.728228513388385
16,200,Closed-form,,,,,0.0,4.6398811220925055e-05,0.03246095084312495,0.0,0.0,5.207237326020943,5.727961058623038
16,200,ReLU MLP (W=128),128.0,3.0,0.001,5000.0,1.162023862128747e-06,2.2966852183463657e-06,0.009691776067049296,4.7724154430497306e-05,0.03359391988354332,5.207237326020943,5.727961058623038
17,200,Closed-form,,,,,0.0,3.215375455855233e-05,0.022794269085198042,0.0,0.0,5.206007455010525,5.726608200511578
17,200,ReLU MLP (W=128),128.0,3.0,0.001,5000.0,5.263676741404283e-06,6.738848725347716e-06,0.008915434344151874,3.8711878394950014e-05,0.027198953955927918,5.206007455010525,5.726608200511578
18,200,Closed-form,,,,,0.0,4.9036471090895164e-05,0.036475178490184,0.0,0.0,5.202460812911668,5.722706894202835
18,200,ReLU MLP (W=128),128.0,3.0,0.001,5000.0,1.2871764615588128e-06,1.7785267680021414e-06,0.009064109355241934,4.892593990804678e-05,0.03809526485416148,5.202460812911668,5.722706894202835
19,200,Closed-form,,,,,0.0,3.444073189630746e-05,0.02857691900524681,0.0,0.0,5.195846444538575,5.715431088992434
19,200,ReLU MLP (W=128),128.0,3.0,0.001,5000.0,9.595557009485874e-07,3.573231753436163e-06,0.019807697564394267,3.762322507268491e-05,0.028946822561099095,5.195846444538575,5.715431088992434
0,1000,Closed-form,,,,,0.0,2.247573393907466e-06,0.008393965876005716,0.0,0.0,5.2078536849841885,5.728639053482608
0,1000,ReLU MLP (W=64),64.0,3.0,0.001,5000.0,1.3747605794739282e-05,1.6633771816460584e-05,0.022059143811495097,1.8966300610273898e-05,0.02189092087304345,5.2078536849841885,5.728639053482608
1,1000,Closed-form,,,,,0.0,2.059272602179527e-06,0.00998169714030464,0.0,0.0,5.207711290507376,5.728482419558114
1,1000,ReLU MLP (W=64),64.0,3.0,0.001,5000.0,8.745163282065533e-06,1.0886990980584116e-05,0.031818331509859354,1.2814118168924296e-05,0.03008501929512164,5.207711290507376,5.728482419558114
2,1000,Closed-form,,,,,0.0,1.6287491711849659e-06,0.0063829284415215515,0.0,0.0,5.207683463445776,5.7284518097903545
2,1000,ReLU MLP (W=64),64.0,3.0,0.001,5000.0,2.9362375598653685e-05,3.232855354703258e-05,0.04644215229156701,3.385824619848132e-05,0.04648872791985792,5.207683463445776,5.7284518097903545
3,1000,Closed-form,,,,,0.0,2.6494021069053624e-06,0.01231805751835513,0.0,0.0,5.207062705919618,5.727768976511581
3,1000,ReLU MLP (W=64),64.0,3.0,0.001,5000.0,3.818220813625349e-06,3.806585665113462e-06,0.013583028048307577,6.410414143772925e-06,0.014112431522789515,5.207062705919618,5.727768976511581
4,1000,Closed-form,,,,,0.0,2.2047963522408296e-06,0.01399012942370259,0.0,0.0,5.207673415756354,5.728440757331989
4,1000,ReLU MLP (W=64),64.0,3.0,0.001,5000.0,1.3196948663468189e-05,1.2889914512007515e-05,0.016304665535719076,1.5115764359401678e-05,0.01812421726353386,5.207673415756354,5.728440757331989
5,1000,Closed-form,,,,,0.0,2.4272445641623145e-06,0.009888311496516922,0.0,0.0,5.207749838012096,5.728524821813306
5,1000,ReLU MLP (W=64),64.0,3.0,0.001,5000.0,4.213191471847664e-06,4.242227550087478e-06,0.013620236247808615,6.626083715753641e-06,0.01500962325656885,5.207749838012096,5.728524821813306
6,1000,Closed-form,,,,,0.0,1.9995892240144294e-06,0.00972983457159865,0.0,0.0,5.2078450381204044,5.728629541932445
6,1000,ReLU MLP (W=64),64.0,3.0,0.001,5000.0,1.828381603702025e-06,2.1972340323952024e-06,0.01386857900026528,4.209335234033758e-06,0.015951246574784528,5.2078450381204044,5.728629541932445
7,1000,Closed-form,,,,,0.0,2.1947463766706045e-06,0.008033096112099014,0.0,0.0,5.207815894346531,5.728597483781185
7,1000,ReLU MLP (W=64),64.0,3.0,0.001,5000.0,2.735812029411047e-05,3.1103629031610854e-05,0.04761433723571995,3.295064554212649e-05,0.044944072225378884,5.207815894346531,5.728597483781185
8,1000,Closed-form,,,,,0.0,2.36153855892438e-06,0.008445989605010529,0.0,0.0,5.207857256511612,5.728642982162773
8,1000,ReLU MLP (W=64),64.0,3.0,0.001,5000.0,2.5016530408980248e-06,3.743913146259465e-06,0.018579007416994364,6.062675228308667e-06,0.016810405033422127,5.207857256511612,5.728642982162773
9,1000,Closed-form,,,,,0.0,2.796729088615512e-06,0.01420748717667697,0.0,0.0,5.206935682330583,5.727629250563641
9,1000,ReLU MLP (W=64),64.0,3.0,0.001,5000.0,1.1890864023644562e-05,1.5663538209666205e-05,0.033755542069704325,1.8408786240083426e-05,0.032784409243801216,5.206935682330583,5.727629250563641
10,1000,Closed-form,,,,,0.0,1.668280970531146e-06,0.00655755581659434,0.0,0.0,5.207720435681732,5.728492479249906
10,1000,ReLU MLP (W=64),64.0,3.0,0.001,5000.0,2.5577353266373873e-06,2.6553473569244323e-06,0.008163423856883956,4.372866557677517e-06,0.008990153268215173,5.207720435681732,5.728492479249906
11,1000,Closed-form,,,,,0.0,2.165870783112392e-06,0.008935640103688691,0.0,0.0,5.207776782008688,5.7285544602095575
11,1000,ReLU MLP (W=64),64.0,3.0,0.001,5000.0,6.49084788250915e-06,8.89306627618992e-06,0.021631093055040518,1.1074765626617512e-05,0.022993471382672492,5.207776782008688,5.7285544602095575
12,1000,Closed-form,,,,,0.0,2.0561996092945714e-06,0.007215961817183869,0.0,0.0,5.2076614219790605,5.728427564176967
12,1000,ReLU MLP (W=64),64.0,3.0,0.001,5000.0,0.0007909988588860224,0.0007915560753446019,0.08180812123420922,0.0007951425768708825,0.08687355645228523,5.2076614219790605,5.728427564176967
13,1000,Closed-form,,,,,0.0,1.678001279394799e-06,0.007001149800453521,0.0,0.0,5.20773379182886,5.728507171011747
13,1000,ReLU MLP (W=64),64.0,3.0,0.001,5000.0,3.1292533381702695e-06,3.507316390852323e-06,0.012006367761025816,5.19364261558331e-06,0.012533194822263782,5.20773379182886,5.728507171011747
14,1000,Closed-form,,,,,0.0,3.052572683546083e-06,0.014750206358568385,0.0,0.0,5.207805012527158,5.7285855137798745
14,1000,ReLU MLP (W=64),64.0,3.0,0.001,5000.0,5.406255493419674e-06,5.859609178316474e-06,0.020893783599168936,9.011928703799085e-06,0.022471672319318903,5.207805012527158,5.7285855137798745
15,1000,Closed-form,,,,,0.0,1.8781098015938643e-06,0.006105327354808843,0.0,0.0,5.207795706401661,5.728575277041827
15,1000,ReLU MLP (W=64),64.0,3.0,0.001,5000.0,6.956841356346929e-06,6.998841004793697e-06,0.02338284376266697,8.839435032622306e-06,0.02292653185708382,5.207795706401661,5.728575277041827
16,1000,Closed-form,,,,,0.0,1.7961725062496194e-06,0.008257945627769714,0.0,0.0,5.207693810508091,5.7284631915589
16,1000,ReLU MLP (W=64),64.0,3.0,0.001,5000.0,2.2454089713189386e-06,2.431599006307176e-06,0.014896498352319876,4.2404411455711126e-06,0.015821146100735928,5.207693810508091,5.7284631915589
17,1000,Closed-form,,,,,0.0,1.9984513618326496e-06,0.0073436175230960354,0.0,0.0,5.207718943371746,5.728490837708921
17,1000,ReLU MLP (W=64),64.0,3.0,0.001,5000.0,6.693438057836726e-06,6.573208950469542e-06,0.009561456095561915,8.604274337013082e-06,0.010963830433529886,5.207718943371746,5.728490837708921
18,1000,Closed-form,,,,,0.0,1.8464681644015874e-06,0.007939818889389133,0.0,0.0,5.207814695563491,5.728596165119841
18,1000,ReLU MLP (W=64),64.0,3.0,0.001,5000.0,7.427238261711112e-07,8.839075474354833e-07,0.006395978214052467,2.697813383236848e-06,0.009228457661886236,5.207814695563491,5.728596165119841
19,1000,Closed-form,,,,,0.0,1.9919178526342404e-06,0.008360196407145137,0.0,0.0,5.20784932264895,5.728634254913845
19,1000,ReLU MLP (W=64),64.0,3.0,0.001,5000.0,2.145997302143645e-05,3.2988702583180575e-05,0.04823321226242283,3.368448714767924e-05,0.04337375953210154,5.20784932264895,5.728634254913845
0,1000,Closed-form,,,,,0.0,2.247573393907466e-06,0.008393965876005716,0.0,0.0,5.2078536849841885,5.728639053482608
0,1000,ReLU MLP (W=128),128.0,3.0,0.001,5000.0,4.614161245973921e-07,4.7296955466339494e-07,0.0062165272534201454,2.731261589504914e-06,0.008556590937046193,5.2078536849841885,5.728639053482608
1,1000,Closed-form,,,,,0.0,2.059272602179527e-06,0.00998169714030464,0.0,0.0,5.207711290507376,5.728482419558114
1,1000,ReLU MLP (W=128),128.0,3.0,0.001,5000.0,1.4100788034613174e-06,1.705688939450899e-06,0.013452650338442118,3.7132134442227793e-06,0.011719338123704404,5.207711290507376,5.728482419558114
2,1000,Closed-form,,,,,0.0,1.6287491711849659e-06,0.0063829284415215515,0.0,0.0,5.207683463445776,5.7284518097903545
2,1000,ReLU MLP (W=128),128.0,3.0,0.001,5000.0,1.2925144745176476e-06,1.5531533722941289e-06,0.008228601247103007,3.1141801145330385e-06,0.006958838557682867,5.207683463445776,5.7284518097903545
3,1000,Closed-form,,,,,0.0,2.6494021069053624e-06,0.01231805751835513,0.0,0.0,5.207062705919618,5.727768976511581
3,1000,ReLU MLP (W=128),128.0,3.0,0.001,5000.0,1.2366401791761144e-06,1.2103594629610233e-06,0.00990831974151829,3.7982140635488877e-06,0.012663718279781855,5.207062705919618,5.727768976511581
4,1000,Closed-form,,,,,0.0,2.2047963522408296e-06,0.01399012942370259,0.0,0.0,5.207673415756354,5.728440757331989
4,1000,ReLU MLP (W=128),128.0,3.0,0.001,5000.0,4.364670800042508e-06,4.204600571217762e-06,0.01003736379745701,6.356960393778668e-06,0.015225456559161854,5.207673415756354,5.728440757331989
5,1000,Closed-form,,,,,0.0,2.4272445641623145e-06,0.009888311496516922,0.0,0.0,5.207749838012096,5.728524821813306
5,1000,ReLU MLP (W=128),128.0,3.0,0.001,5000.0,9.104208560743634e-07,7.868833008563316e-07,0.008047105103761942,3.1915290141784447e-06,0.010231044379119814,5.207749838012096,5.728524821813306
6,1000,Closed-form,,,,,0.0,1.9995892240144294e-06,0.00972983457159865,0.0,0.0,5.2078450381204044,5.728629541932445
6,1000,ReLU MLP (W=128),128.0,3.0,0.001,5000.0,8.669946610196914e-07,1.1538522206407137e-06,0.011372112959654013,3.1596827952131384e-06,0.01345478053417326,5.2078450381204044,5.728629541932445
7,1000,Closed-form,,,,,0.0,2.1947463766706045e-06,0.008033096112099014,0.0,0.0,5.207815894346531,5.728597483781185
7,1000,ReLU MLP (W=128),128.0,3.0,0.001,5000.0,9.101463737930013e-06,1.1119165842795285e-05,0.03233689191940525,1.30604321702487e-05,0.029666626909064187,5.207815894346531,5.728597483781185
8,1000,Closed-form,,,,,0.0,2.36153855892438e-06,0.008445989605010529,0.0,0.0,5.207857256511612,5.728642982162773
8,1000,ReLU MLP (W=128),128.0,3.0,0.001,5000.0,1.2567677914716476e-06,1.7829559912695255e-06,0.01163554313781956,4.054363150063455e-06,0.010021183545862344,5.207857256511612,5.728642982162773
9,1000,Closed-form,,,,,0.0,2.796729088615512e-06,0.01420748717667697,0.0,0.0,5.206935682330583,5.727629250563641
9,1000,ReLU MLP (W=128),128.0,3.0,0.001,5000.0,1.3149552010672218e-05,1.3760411750595332e-05,0.019176067143709452,1.6573949929306692e-05,0.018204934317806343,5.206935682330583,5.727629250563641
10,1000,Closed-form,,,,,0.0,1.668280970531146e-06,0.00655755581659434,0.0,0.0,5.207720435681732,5.728492479249906
10,1000,ReLU MLP (W=128),128.0,3.0,0.001,5000.0,7.28815131751534e-07,1.0208621466784261e-06,0.011111856728822977,2.6765771817200636e-06,0.010677301582056375,5.207720435681732,5.728492479249906
11,1000,Closed-form,,,,,0.0,2.165870783112392e-06,0.008935640103688691,0.0,0.0,5.207776782008688,5.7285544602095575
11,1000,ReLU MLP (W=128),128.0,3.0,0.001,5000.0,1.344408320443793e-06,1.77551510632369e-06,0.009566785126955302,3.916736251630299e-06,0.011253216011440803,5.207776782008688,5.7285544602095575
12,1000,Closed-form,,,,,0.0,2.0561996092945714e-06,0.007215961817183869,0.0,0.0,5.2076614219790605,5.728427564176967
12,1000,ReLU MLP (W=128),128.0,3.0,0.001,5000.0,6.453617371023818e-07,8.29469565099102e-07,0.007762269407541433,3.0335936736289087e-06,0.012827704625617442,5.2076614219790605,5.728427564176967
13,1000,Closed-form,,,,,0.0,1.678001279394799e-06,0.007001149800453521,0.0,0.0,5.20773379182886,5.728507171011747
13,1000,ReLU MLP (W=128),128.0,3.0,0.001,5000.0,0.00035272759558834367,0.0003442898972061038,0.02797189320687704,0.0003459389736562655,0.029241484264431294,5.20773379182886,5.728507171011747
14,1000,Closed-form,,,,,0.0,3.052572683546083e-06,0.014750206358568385,0.0,0.0,5.207805012527158,5.7285855137798745
14,1000,ReLU MLP (W=128),128.0,3.0,0.001,5000.0,1.7166127493914995e-06,1.9029759633459255e-06,0.010562100738317648,4.854263351892054e-06,0.014491796012635505,5.207805012527158,5.7285855137798745
15,1000,Closed-form,,,,,0.0,1.8781098015938643e-06,0.006105327354808843,0.0,0.0,5.207795706401661,5.728575277041827
15,1000,ReLU MLP (W=128),128.0,3.0,0.001,5000.0,1.0190452544278113e-06,1.0862386129358833e-06,0.007690132886202128,2.9596875773717415e-06,0.007671390370546094,5.207795706401661,5.728575277041827
16,1000,Closed-form,,,,,0.0,1.7961725062496194e-06,0.008257945627769714,0.0,0.0,5.207693810508091,5.7284631915589
16,1000,ReLU MLP (W=128),128.0,3.0,0.001,5000.0,5.212928989620628e-07,6.280470299108829e-07,0.007464678317339102,2.4066945347015123e-06,0.008389326065755154,5.207693810508091,5.7284631915589
17,1000,Closed-form,,,,,0.0,1.9984513618326496e-06,0.0073436175230960354,0.0,0.0,5.207718943371746,5.728490837708921
17,1000,ReLU MLP (W=128),128.0,3.0,0.001,5000.0,3.912132766940201e-05,3.8980267935763816e-05,0.014175259798795858,4.105517086204981e-05,0.01464431972769309,5.207718943371746,5.728490837708921
18,1000,Closed-form,,,,,0.0,1.8464681644015874e-06,0.007939818889389133,0.0,0.0,5.207814695563491,5.728596165119841
18,1000,ReLU MLP (W=128),128.0,3.0,0.001,5000.0,8.120464799986648e-06,8.148223447804483e-06,0.009647311002046854,9.964742625080757e-06,0.010149912850246467,5.207814695563491,5.728596165119841
19,1000,Closed-form,,,,,0.0,1.9919178526342404e-06,0.008360196407145137,0.0,0.0,5.20784932264895,5.728634254913845
19,1000,ReLU MLP (W=128),128.0,3.0,0.001,5000.0,2.7663520326798015e-05,2.807731626547723e-05,0.010024297128325865,2.981402228660448e-05,0.012593864308788172,5.20784932264895,5.728634254913845
0,5000,Closed-form,,,,,0.0,7.596735795528285e-08,0.0014189610712851408,0.0,0.0,5.207856103970942,5.728641714368036
0,5000,ReLU MLP (W=64),64.0,3.0,0.001,5000.0,1.5117767902970616e-05,1.4789417198416373e-05,0.028469265729219706,1.4821513681059905e-05,0.02830104279076806,5.207856103970942,5.728641714368036
1,5000,Closed-form,,,,,0.0,8.116228588710175e-08,0.002066854177215305,0.0,0.0,5.207859492877199,5.728645442164919
1,5000,ReLU MLP (W=64),64.0,3.0,0.001,5000.0,2.915499960937787e-05,2.9112901672310846e-05,0.010293560587157968,2.921326509316663e-05,0.010170008411583942,5.207859492877199,5.728645442164919
2,5000,Closed-form,,,,,0.0,7.933994040799648e-08,0.0017215047052451249,0.0,0.0,5.207852069008237,5.728637275909062
2,5000,ReLU MLP (W=64),64.0,3.0,0.001,5000.0,3.2168828930271776e-05,3.100813432735142e-05,0.04463914158943383,3.109926192337407e-05,0.04468571721772474,5.207852069008237,5.728637275909062
3,5000,Closed-form,,,,,0.0,8.232579695217841e-08,0.0019278610086161108,0.0,0.0,5.207858808311738,5.728644689142913
3,5000,ReLU MLP (W=64),64.0,3.0,0.001,5000.0,3.397460588846039e-06,3.2633638412680457e-06,0.013568581372530253,3.343929913001247e-06,0.013414099134702262,5.207858808311738,5.728644689142913
4,5000,Closed-form,,,,,0.0,7.440043048418566e-08,0.00158414006209473,0.0,0.0,5.207857956342003,5.728643751976203
4,5000,ReLU MLP (W=64),64.0,3.0,0.001,5000.0,2.147911029369637e-06,2.2570015955042706e-06,0.01406008872392861,2.3443246827048967e-06,0.014630318334953762,5.207857956342003,5.728643751976203
5,5000,Closed-form,,,,,0.0,7.769396800496958e-08,0.0017235433751305318,0.0,0.0,5.20785891165439,5.728644802819829
5,5000,ReLU MLP (W=64),64.0,3.0,0.001,5000.0,3.9255617489013775e-05,3.735656938533737e-05,0.04222652438286034,3.748603963281076e-05,0.04225552512726782,5.20785891165439,5.728644802819829
6,5000,Closed-form,,,,,0.0,8.466671972364735e-08,0.0018904549948708937,0.0,0.0,5.2078583834158385,5.728644221757423
6,5000,ReLU MLP (W=64),64.0,3.0,0.001,5000.0,5.1728911100048335e-05,5.248458712000012e-05,0.016027144015982153,5.248031047700226e-05,0.016423522584274375,5.2078583834158385,5.728644221757423
7,5000,Closed-form,,,,,0.0,7.436772224785606e-08,0.0017467868036401268,0.0,0.0,5.2078354612536275,5.728619007378991
7,5000,ReLU MLP (W=64),64.0,3.0,0.001,5000.0,1.9333050949620344e-06,2.126175987482954e-06,0.011979283124239237,2.186685219648435e-06,0.01140482197584236,5.2078354612536275,5.728619007378991
8,5000,Closed-form,,,,,0.0,7.658215754269032e-08,0.001519032887780325,0.0,0.0,5.207857275128336,5.72864300264117
8,5000,ReLU MLP (W=64),64.0,3.0,0.001,5000.0,4.13425043277524e-06,5.008675568642907e-06,0.016559691458971182,5.085391516903223e-06,0.016858398223100757,5.207857275128336,5.72864300264117
9,5000,Closed-form,,,,,0.0,7.332615936648188e-08,0.0016317366448152827,0.0,0.0,5.207859414129442,5.728645355542387
9,5000,ReLU MLP (W=64),64.0,3.0,0.001,5000.0,1.4335111431266945e-05,1.625289804000235e-05,0.03185002627971856,1.6252690196726503e-05,0.03187392796723265,5.207859414129442,5.728645355542387
10,5000,Closed-form,,,,,0.0,8.1723367644127e-08,0.00198809432582131,0.0,0.0,5.20785733675287,5.7286430704281575
10,5000,ReLU MLP (W=64),64.0,3.0,0.001,5000.0,0.00020981085936685656,0.0002086541981133792,0.026928306847841532,0.00020872127918386484,0.026830808919235505,5.20785733675287,5.7286430704281575
11,5000,Closed-form,,,,,0.0,7.742298435637414e-08,0.0020626280234000705,0.0,0.0,5.207856410669337,5.728642051736271
11,5000,ReLU MLP (W=64),64.0,3.0,0.001,5000.0,5.861169486839553e-06,6.5896871440605685e-06,0.01917745295170037,6.6620168857783564e-06,0.019450240025444487,5.207856410669337,5.728642051736271
12,5000,Closed-form,,,,,0.0,8.282056077454185e-08,0.0018585222595396411,0.0,0.0,5.207849503383838,5.728634453722222
12,5000,ReLU MLP (W=64),64.0,3.0,0.001,5000.0,4.183380685708958e-06,4.118387826850173e-06,0.016549171239168436,4.1934165810959505e-06,0.016507845075156458,5.207849503383838,5.728634453722222
13,5000,Closed-form,,,,,0.0,7.783638921458018e-08,0.001691494690897355,0.0,0.0,5.207849509905926,5.728634460896519
13,5000,ReLU MLP (W=64),64.0,3.0,0.001,5000.0,6.93572249265328e-06,6.4944089866910605e-06,0.018820585042269022,6.540890016375631e-06,0.018803837083882446,5.207849509905926,5.728634460896519
14,5000,Closed-form,,,,,0.0,8.348680496990936e-08,0.0019863472237814372,0.0,0.0,5.207857316971741,5.728643048668916
14,5000,ReLU MLP (W=64),64.0,3.0,0.001,5000.0,3.0887259861519866e-05,3.1149154752869505e-05,0.04412540915611474,3.115748616279523e-05,0.044128685432381576,5.207857316971741,5.728643048668916
15,5000,Closed-form,,,,,0.0,7.245535662001857e-08,0.0018804331583720246,0.0,0.0,5.207854094177972,5.72863950359577
15,5000,ReLU MLP (W=64),64.0,3.0,0.001,5000.0,6.3394770231017865e-06,7.299817123186128e-06,0.024362863332063944,7.353074055452059e-06,0.024040221271436124,5.207854094177972,5.72863950359577
16,5000,Closed-form,,,,,0.0,8.122842177346149e-08,0.002224580586274505,0.0,0.0,5.207859012473268,5.728644913720595
16,5000,ReLU MLP (W=64),64.0,3.0,0.001,5000.0,2.886854035199662e-06,3.1887488645985786e-06,0.015810967713625113,3.2591684769983e-06,0.016089700069767288,5.207859012473268,5.728644913720595
17,5000,Closed-form,,,,,0.0,8.633597415985417e-08,0.0018306319611370858,0.0,0.0,5.207810562032491,5.728591618235741
17,5000,ReLU MLP (W=64),64.0,3.0,0.001,5000.0,1.8026543657095149e-06,1.8018190162459955e-06,0.010856838256151358,1.8753374949040414e-06,0.010961890006509378,5.207810562032491,5.728591618235741
18,5000,Closed-form,,,,,0.0,7.789227137399396e-08,0.00153137114396118,0.0,0.0,5.2078582158434115,5.728644037427753
18,5000,ReLU MLP (W=64),64.0,3.0,0.001,5000.0,1.8190120585268068e-06,2.0869322968681754e-06,0.014540375500948222,2.157911858408413e-06,0.014178395039901925,5.2078582158434115,5.728644037427753
19,5000,Closed-form,,,,,0.0,8.024165651191318e-08,0.002124850361461983,0.0,0.0,5.20784932264895,5.728634254913845
19,5000,ReLU MLP (W=64),64.0,3.0,0.001,5000.0,3.979777247345826e-05,3.885535458483393e-05,0.04154688242080906,3.8879185021503054e-05,0.04147520421738449,5.20784932264895,5.728634254913845
0,5000,Closed-form,,,,,0.0,7.596735795528285e-08,0.0014189610712851408,0.0,0.0,5.207856103970942,5.728641714368036
0,5000,ReLU MLP (W=128),128.0,3.0,0.001,5000.0,5.39409919880402e-07,5.52303276753665e-07,0.007323743134767802,6.301787050358484e-07,0.007155520196316156,5.207856103970942,5.728641714368036
1,5000,Closed-form,,,,,0.0,8.116228588710175e-08,0.002066854177215305,0.0,0.0,5.207859492877199,5.728645442164919
1,5000,ReLU MLP (W=128),128.0,3.0,0.001,5000.0,3.64413303362831e-06,3.97535833154408e-06,0.02034092071655491,4.048518876068916e-06,0.020255681981294016,5.207859492877199,5.728645442164919
2,5000,Closed-form,,,,,0.0,7.933994040799648e-08,0.0017215047052451249,0.0,0.0,5.207852069008237,5.728637275909062
2,5000,ReLU MLP (W=128),128.0,3.0,0.001,5000.0,8.787892458459452e-07,9.369880768869416e-07,0.008815356820852438,1.0148412055695065e-06,0.00886193244914335,5.207852069008237,5.728637275909062
3,5000,Closed-form,,,,,0.0,8.232579695217841e-08,0.0019278610086161108,0.0,0.0,5.207858808311738,5.728644689142913
3,5000,ReLU MLP (W=128),128.0,3.0,0.001,5000.0,4.863523886022e-05,4.9019908769947206e-05,0.016091049939424784,4.910619033066502e-05,0.015936567701596793,5.207858808311738,5.728644689142913
4,5000,Closed-form,,,,,0.0,7.440043048418566e-08,0.00158414006209473,0.0,0.0,5.207857956342003,5.728643751976203
4,5000,ReLU MLP (W=128),128.0,3.0,0.001,5000.0,2.1649363187661994e-06,2.280464731255458e-06,0.014713273674280325,2.3701500146578434e-06,0.015283503285305478,5.207857956342003,5.728643751976203
5,5000,Closed-form,,,,,0.0,7.769396800496958e-08,0.0017235433751305318,0.0,0.0,5.20785891165439,5.728644802819829
5,5000,ReLU MLP (W=128),128.0,3.0,0.001,5000.0,7.268560590738049e-07,7.19682667325854e-07,0.006109060078890116,7.99323410222888e-07,0.006192003965136762,5.20785891165439,5.728644802819829
6,5000,Closed-form,,,,,0.0,8.466671972364735e-08,0.0018904549948708937,0.0,0.0,5.2078583834158385,5.728644221757423
6,5000,ReLU MLP (W=128),128.0,3.0,0.001,5000.0,2.138240860335538e-06,2.2582892841535354e-06,0.012138204008371511,2.3383097895590743e-06,0.012454892729620748,5.2078583834158385,5.728644221757423
7,5000,Closed-form,,,,,0.0,7.436772224785606e-08,0.0017467868036401268,0.0,0.0,5.2078354612536275,5.728619007378991
7,5000,ReLU MLP (W=128),128.0,3.0,0.001,5000.0,1.1502626170957533e-06,1.3093238557494464e-06,0.010335305064947287,1.380173609888961e-06,0.010974547544604807,5.2078354612536275,5.728619007378991
8,5000,Closed-form,,,,,0.0,7.658215754269032e-08,0.001519032887780325,0.0,0.0,5.207857275128336,5.72864300264117
8,5000,ReLU MLP (W=128),128.0,3.0,0.001,5000.0,0.00028420380253446745,0.0002878941953162046,0.02824419859054783,0.0002880015582497988,0.028123938947427596,5.207857275128336,5.72864300264117
9,5000,Closed-form,,,,,0.0,7.332615936648188e-08,0.0016317366448152827,0.0,0.0,5.207859414129442,5.728645355542387
9,5000,ReLU MLP (W=128),128.0,3.0,0.001,5000.0,2.69246749992326e-06,3.782948433525387e-06,0.019936026364595683,3.842785465627953e-06,0.019263480565563373,5.207859414129442,5.728645355542387
10,5000,Closed-form,,,,,0.0,8.1723367644127e-08,0.00198809432582131,0.0,0.0,5.20785733675287,5.7286430704281575
10,5000,ReLU MLP (W=128),128.0,3.0,0.001,5000.0,6.058778815608354e-06,5.840194107277571e-06,0.020017520815164724,5.919831443076019e-06,0.0203733288385215,5.20785733675287,5.7286430704281575
11,5000,Closed-form,,,,,0.0,7.742298435637414e-08,0.0020626280234000705,0.0,0.0,5.207856410669337,5.728642051736271
11,5000,ReLU MLP (W=128),128.0,3.0,0.001,5000.0,1.118429618607414e-06,1.2994101830154029e-06,0.006321014195711405,1.3630067576560041e-06,0.006446376631184081,5.207856410669337,5.728642051736271
12,5000,Closed-form,,,,,0.0,8.282056077454185e-08,0.0018585222595396411,0.0,0.0,5.207849503383838,5.728634453722222
12,5000,ReLU MLP (W=128),128.0,3.0,0.001,5000.0,4.593421756869931e-07,4.611466711232126e-07,0.007315100461275259,5.457145591307885e-07,0.007552374597766143,5.207849503383838,5.728634453722222
13,5000,Closed-form,,,,,0.0,7.783638921458018e-08,0.001691494690897355,0.0,0.0,5.207849509905926,5.728634460896519
13,5000,ReLU MLP (W=128),128.0,3.0,0.001,5000.0,1.1429373770144185e-06,1.2341626421747782e-06,0.01060292991998879,1.311107510887711e-06,0.010819272123482881,5.207849509905926,5.728634460896519
14,5000,Closed-form,,,,,0.0,8.348680496990936e-08,0.0019863472237814372,0.0,0.0,5.207857316971741,5.728643048668916
14,5000,ReLU MLP (W=128),128.0,3.0,0.001,5000.0,1.192115558911674e-06,1.3220510779194527e-06,0.010571302205354849,1.4040238440699483e-06,0.010574578481621688,5.207857316971741,5.728643048668916
15,5000,Closed-form,,,,,0.0,7.245535662001857e-08,0.0018804331583720246,0.0,0.0,5.207854094177972,5.72863950359577
15,5000,ReLU MLP (W=128),128.0,3.0,0.001,5000.0,1.6599000640578166e-06,1.8705967609947843e-06,0.012726367741853983,1.928053265051304e-06,0.012403725681226163,5.207854094177972,5.72863950359577
16,5000,Closed-form,,,,,0.0,8.122842177346149e-08,0.002224580586274505,0.0,0.0,5.207859012473268,5.728644913720595
16,5000,ReLU MLP (W=128),128.0,3.0,0.001,5000.0,3.951843730638954e-07,4.371962198844314e-07,0.004227855533392111,5.180508000347634e-07,0.004506587889534286,5.207859012473268,5.728644913720595
17,5000,Closed-form,,,,,0.0,8.633597415985417e-08,0.0018306319611370858,0.0,0.0,5.207810562032491,5.728591618235741
17,5000,ReLU MLP (W=128),128.0,3.0,0.001,5000.0,4.218559337191582e-07,4.226387255356222e-07,0.007001282006532827,5.047722597399917e-07,0.007106333756890848,5.207810562032491,5.728591618235741
18,5000,Closed-form,,,,,0.0,7.789227137399396e-08,0.00153137114396118,0.0,0.0,5.2078582158434115,5.728644037427753
18,5000,ReLU MLP (W=128),128.0,3.0,0.001,5000.0,7.812418475704022e-07,8.271164406707585e-07,0.007133604317934306,9.109107127372204e-07,0.006771623856888009,5.2078582158434115,5.728644037427753
19,5000,Closed-form,,,,,0.0,8.024165651191318e-08,0.002124850361461983,0.0,0.0,5.20784932264895,5.728634254913845
19,5000,ReLU MLP (W=128),128.0,3.0,0.001,5000.0,1.249444696883451e-06,1.295699016810007e-06,0.007272483140260966,1.3799762754794121e-06,0.007200804936836391,5.20784932264895,5.728634254913845
